timestamp,open,high,low,close,volume,quote_volume,trades
2026-01-08 01:31:00,91308.27,91388.72,91299.59,91388.72,0.57272,52296.6629497,22
2026-01-08 01:32:00,91388.72,91406.11,91380.34,91380.34,0.02269,2073.8686261,15
2026-01-08 01:33:00,91380.34,91380.34,91344.75,91344.76,0.03093,2825.4817579,18
2026-01-08 01:34:00,91344.76,91344.76,91320.85,91320.86,0.06735,6150.7934966,15
2026-01-08 01:35:00,91320.86,91320.86,91293.34,91293.34,0.05332,4868.2589069,16
2026-01-08 01:36:00,91293.75,91293.75,91249.11,91293.75,0.34685,31653.7480682,19
2026-01-08 01:37:00,91293.75,91320.0,91291.48,91308.42,1.19142,108784.5005882,23
2026-01-08 01:38:00,91308.43,91308.43,91254.89,91254.89,0.15031,13724.1380733,20
2026-01-08 01:39:00,91244.99,91244.99,91187.27,91187.28,0.34022,31035.4570215,12
2026-01-08 01:40:00,91196.56,91196.56,91162.38,91162.38,0.9552,87080.6523366,14
2026-01-08 01:41:00,91192.68,91219.89,91192.68,91219.89,0.0352,3210.3608538,6
2026-01-08 01:42:00,91224.89,91224.9,91224.89,91224.89,0.03798,3464.7214639,8
2026-01-08 01:43:00,91227.97,91227.97,91227.97,91227.97,0.01096,999.8585512,1
2026-01-08 01:44:00,91227.96,91227.97,91224.89,91224.89,0.12521,11422.6534361,5
2026-01-08 01:45:00,91223.56,91223.57,91204.56,91204.56,0.02492,2273.0380327,16
2026-01-08 01:46:00,91204.56,91224.25,91190.0,91224.25,0.04214,3843.3920828,14
2026-01-08 01:47:00,91224.26,91224.26,91223.16,91223.43,0.04086,3727.4061949,5
2026-01-08 01:48:00,91223.44,91259.73,91223.43,91259.73,0.44539,40633.7712422,12
2026-01-08 01:49:00,91271.3,91297.29,91271.3,91297.29,0.23753,21685.2425887,10
2026-01-08 01:50:00,91279.79,91279.79,91279.78,91279.79,3.23581,295364.0464613,7
2026-01-08 01:51:00,91279.78,91358.15,91279.78,91358.15,4.33967,396171.2230064,22
2026-01-08 01:52:00,91313.98,91313.98,91306.3,91309.02,3.24652,296435.9728814,7
2026-01-08 01:53:00,91317.72,91317.72,91317.71,91317.72,3.2242,294426.5821095,6
2026-01-08 01:54:00,91317.72,91346.06,91317.71,91346.06,3.24613,296434.410582,7
2026-01-08 01:55:00,91346.06,91364.72,91339.89,91339.89,4.28213,391189.0111348,6
2026-01-08 01:56:00,91339.89,91388.72,91339.89,91388.72,2.40524,219751.1375692,13
2026-01-08 01:57:00,91390.76,91390.77,91384.73,91384.73,4.46732,408264.6831766,8
2026-01-08 01:58:00,91384.72,91396.31,91384.72,91396.31,3.46337,316525.2886483,7
2026-01-08 01:59:00,91396.31,91396.31,91368.71,91368.72,3.24086,296172.8036497,8
2026-01-08 02:00:00,91364.15,91364.16,91339.9,91339.9,3.41421,311882.7412019,18
2026-01-08 02:01:00,91336.63,91336.63,91306.5,91327.01,0.07625,6963.6621005,8
2026-01-08 02:02:00,91327.0,91441.34,91327.0,91441.34,2.14401,195854.5983712,20
2026-01-08 02:03:00,91441.35,91472.87,91417.98,91441.35,1.47322,134751.4826199,18
2026-01-08 02:04:00,91413.9,91413.9,91331.77,91333.36,0.24892,22741.5828226,12
2026-01-08 02:05:00,91333.36,91335.16,91305.55,91305.55,0.69527,63485.2934116,5
2026-01-08 02:06:00,91311.06,91339.89,91311.06,91339.89,0.07372,6732.8900912,11
2026-01-08 02:07:00,91339.89,91339.89,91339.89,91339.89,0.001,91.33989,1
2026-01-08 02:08:00,91350.0,91350.0,91262.22,91262.22,1.15616,105542.7606241,17
2026-01-08 02:09:00,91259.74,91293.78,91259.74,91293.78,0.1571,14337.6013686,6
2026-01-08 02:10:00,91293.78,91293.78,91266.7,91266.7,0.01465,1337.0909164,5
2026-01-08 02:11:00,91266.11,91266.11,91250.0,91250.0,0.07776,7096.1274424,5
2026-01-08 02:12:00,91222.87,91222.87,91222.87,91222.87,0.03221,2938.2886427,4
2026-01-08 02:13:00,91217.02,91217.02,91205.07,91214.78,0.1161,10588.9648301,8
2026-01-08 02:14:00,91214.77,91214.77,91191.38,91191.38,0.09258,8443.1570161,12
2026-01-08 02:15:00,91219.18,91225.7,91184.5,91184.5,0.15979,14571.6914116,6
2026-01-08 02:16:00,91167.88,91203.0,91143.29,91203.0,1.49699,136446.0019251,14
2026-01-08 02:17:00,91205.93,91205.93,91178.58,91178.58,0.07761,7077.3550939,5
2026-01-08 02:18:00,91178.58,91178.58,91167.78,91167.78,0.01425,1299.291633,2
2026-01-08 02:19:00,91139.77,91159.74,91139.77,91159.74,0.02316,2110.9967732,3
2026-01-08 02:20:00,91152.38,91152.38,91151.42,91151.42,0.37031,33754.6368778,4
2026-01-08 02:21:00,91140.24,91153.33,91140.24,91153.33,0.0257,2342.317258,2
2026-01-08 02:22:00,91165.11,91165.11,91113.91,91113.91,0.11377,10366.6868614,6
2026-01-08 02:23:00,91113.91,91113.92,91077.51,91077.51,0.76859,70003.6506855,22
2026-01-08 02:24:00,91107.23,91111.78,91107.23,91111.78,0.00241,219.5694253,2
2026-01-08 02:25:00,91116.0,91116.0,91076.53,91076.53,0.0187,1703.6048094,5
2026-01-08 02:26:00,91088.86,91095.03,91088.86,91095.03,0.03397,3094.4364691,3
2026-01-08 02:27:00,91106.59,91106.59,91081.11,91081.11,0.15213,13859.4345537,6
2026-01-08 02:28:00,91081.11,91081.11,91081.11,91081.11,0.0,0.0,0
2026-01-08 02:29:00,91112.0,91112.0,91111.99,91111.99,0.69595,63409.3895825,37
2026-01-08 02:30:00,91111.99,91166.0,91111.99,91165.99,0.24111,21976.562166,12
2026-01-08 02:31:00,91138.64,91138.64,91103.94,91103.94,0.15161,13816.4040688,19
2026-01-08 02:32:00,91139.07,91164.43,91139.06,91164.43,3.27491,298517.6522043,9
2026-01-08 02:33:00,91168.96,91206.0,91166.68,91205.99,3.46243,315666.4687816,26
2026-01-08 02:34:00,91206.0,91215.05,91152.42,91152.42,4.65259,424337.3794298,39
2026-01-08 02:35:00,91152.42,91164.58,91131.34,91131.34,3.07214,280041.7246185,23
2026-01-08 02:36:00,91131.35,91163.6,84492.68,91163.59,5.27146,479757.8799793,177
2026-01-08 02:37:00,91171.18,91172.78,91167.2,91172.78,0.15077,13745.8488404,6
2026-01-08 02:38:00,91177.19,91177.2,91177.19,91177.2,0.00116,105.765542,2
2026-01-08 02:39:00,91195.39,91195.39,91195.38,91195.38,2.16639,197564.7699993,3
2026-01-08 02:40:00,91195.38,91195.39,91195.38,91195.39,0.11241,10251.2737789,2
2026-01-08 02:41:00,91213.71,91222.62,91213.71,91222.62,1.34749,122919.1172967,5
2026-01-08 02:42:00,91222.61,91222.62,91204.9,91204.91,4.03786,368316.4766993,9
2026-01-08 02:43:00,91204.91,91218.77,91204.9,91218.77,2.61317,238343.2540268,8
2026-01-08 02:44:00,91218.76,91228.31,91218.76,91228.31,0.0282,2572.4189785,4
2026-01-08 02:45:00,91231.9,91324.27,91231.89,91324.27,2.92569,267139.6011742,45
2026-01-08 02:46:00,91339.07,91389.41,91339.07,91389.41,3.66948,335232.7109795,40
2026-01-08 02:47:00,91400.01,91409.61,91382.56,91382.56,3.25709,297708.4175145,12
2026-01-08 02:48:00,91382.56,91382.56,91357.61,91375.2,0.66511,60778.7333835,11
2026-01-08 02:49:00,91375.19,91375.19,91356.29,91363.43,0.03396,3102.7482828,7
2026-01-08 02:50:00,91352.48,91352.48,91313.32,91313.33,2.23351,203949.7020916,15
2026-01-08 02:51:00,91313.32,91313.33,91300.0,91300.0,1.09551,100034.611869,4
2026-01-08 02:52:00,91290.81,91373.7,91290.81,91341.16,0.43018,39293.725757,51
2026-01-08 02:53:00,91341.16,91372.96,91341.15,91372.95,1.25132,114303.9779112,9
2026-01-08 02:54:00,91391.99,91406.4,91373.7,91406.4,0.26192,23939.3416693,18
2026-01-08 02:55:00,91412.97,91424.09,91412.97,91424.09,3.36976,308062.0272751,5
2026-01-08 02:56:00,91424.1,91424.1,91366.85,91385.26,4.57978,418585.2594492,38
2026-01-08 02:57:00,91385.26,91385.27,91381.69,91381.69,4.22332,385945.3884516,5
2026-01-08 02:58:00,91381.68,91409.37,91381.68,91409.36,3.22895,295126.2477605,7
2026-01-08 02:59:00,91383.91,91394.7,91383.91,91394.7,0.02841,2596.3671878,3
2026-01-08 03:00:00,91394.7,91412.93,91394.7,91412.93,0.02433,2224.0067989,7
2026-01-08 03:01:00,91385.49,91385.49,91339.9,91339.9,0.17708,16175.6435457,22
2026-01-08 03:02:00,91342.18,91357.01,91312.5,91312.5,0.11286,10306.6399024,11
2026-01-08 03:03:00,91303.16,91345.71,91300.0,91329.39,0.46777,42727.5265961,48
2026-01-08 03:04:00,91329.4,91362.72,91329.4,91362.72,0.15466,14128.9810052,16
2026-01-08 03:05:00,91362.71,91362.72,91362.71,91362.72,0.02487,2272.1908289,3
2026-01-08 03:06:00,91371.56,91379.34,91371.56,91379.34,0.02312,2112.6825608,2
2026-01-08 03:07:00,91380.38,91380.38,91348.0,91348.0,0.16157,14759.8516445,20
2026-01-08 03:08:00,91347.34,91360.39,91339.9,91360.39,0.07271,6641.6471957,10
2026-01-08 03:09:00,91360.4,91364.55,91355.82,91355.83,0.04313,3940.3096266,8
2026-01-08 03:10:00,91355.83,91365.0,91355.42,91355.42,0.08387,7662.1750754,11
2026-01-08 03:11:00,91369.56,91402.32,91369.56,91397.25,0.16844,15395.6018357,18
2026-01-08 03:12:00,91398.46,91400.0,91392.44,91400.0,0.21998,20105.9948545,4
2026-01-08 03:13:00,91395.41,91396.2,91395.41,91396.2,0.04352,3977.5461284,4
2026-01-08 03:14:00,91423.94,91429.09,91409.87,91429.09,2.39737,219146.113278,14
2026-01-08 03:15:00,91429.1,91429.1,91413.23,91413.24,3.3297,304395.6137,12
2026-01-08 03:16:00,91413.24,91413.24,91312.74,91312.74,1.35717,124040.6799007,40
2026-01-08 03:17:00,91325.06,91326.85,91325.06,91326.85,0.03547,3239.3434782,5
2026-01-08 03:18:00,91350.0,91353.7,91350.0,91353.7,0.04917,4491.742105,8
2026-01-08 03:19:00,91353.7,91353.7,91332.56,91332.56,0.22961,20973.4957668,9
2026-01-08 03:20:00,91332.56,91359.33,91332.56,91336.62,1.04848,95765.2738952,12
2026-01-08 03:21:00,91329.65,91347.47,91324.66,91347.47,0.0584,5333.8382659,4
2026-01-08 03:22:00,91339.89,91408.38,91339.89,91408.38,0.20575,18802.4513333,19
2026-01-08 03:23:00,91408.39,91453.45,91408.39,91453.45,0.49733,45473.3407471,27
2026-01-08 03:24:00,91453.45,91453.45,91423.54,91451.94,4.52659,413870.7747241,13
2026-01-08 03:25:00,91529.71,91537.55,91419.89,91419.89,3.39761,310936.2077009,33
2026-01-08 03:26:00,91419.89,91507.72,91224.69,91507.72,3.1848,291164.2572967,37
2026-01-08 03:27:00,91507.72,91538.23,91507.72,91538.23,1.168,106916.6491624,4
2026-01-08 03:28:00,91536.27,91536.27,91428.4,91529.72,3.20428,293284.1951353,18
2026-01-08 03:29:00,91542.54,91618.64,91529.72,91529.73,5.52375,505812.4588556,25
2026-01-08 03:30:00,91518.0,91518.0,91478.0,91512.02,5.47617,501106.2879333,14
2026-01-08 03:31:00,91512.02,91512.02,91408.93,91408.93,2.4942,228174.5629576,17
2026-01-08 03:32:00,91436.36,91466.17,91436.36,91466.17,0.04264,3899.9669924,5
2026-01-08 03:33:00,91438.73,91438.73,91395.45,91395.45,0.02483,2270.0402567,3
2026-01-08 03:34:00,91386.0,91386.0,91382.6,91382.6,0.11406,10423.47941,4
2026-01-08 03:35:00,91382.59,91382.59,91353.78,91353.78,0.05082,4643.3912434,11
2026-01-08 03:36:00,91377.98,91377.98,91377.98,91377.98,0.001,91.37798,1
2026-01-08 03:37:00,91377.99,91377.99,91346.0,91346.0,0.10757,9826.5153163,20
2026-01-08 03:38:00,91346.0,91367.51,91343.13,91367.5,0.1988,18159.706581,31
2026-01-08 03:39:00,91367.51,91368.7,91349.04,91368.7,0.05127,4683.9431481,28
2026-01-08 03:40:00,91368.7,91368.7,91358.62,91358.62,0.032,2923.5701124,10
2026-01-08 03:41:00,91350.91,91371.51,91350.91,91371.51,0.02325,2123.9125975,4
2026-01-08 03:42:00,91376.68,91376.68,91376.67,91376.68,0.02297,2098.9221186,3
2026-01-08 03:43:00,91376.68,91376.68,91376.68,91376.68,0.02212,2021.2521616,1
2026-01-08 03:44:00,91376.68,91376.68,91365.05,91365.05,0.20931,19125.0969378,36
2026-01-08 03:45:00,91362.39,91362.39,91336.62,91336.62,0.018,1644.121636,6
2026-01-08 03:46:00,91354.56,91396.03,91354.56,91396.03,0.20084,18351.382583,24
2026-01-08 03:47:00,91403.17,91403.17,91387.19,91387.2,0.03175,2901.73113,4
2026-01-08 03:48:00,91387.2,91387.2,91387.2,91387.2,0.0,0.0,0
2026-01-08 03:49:00,91402.11,91402.11,91402.09,91402.09,0.02116,1934.0686432,3
2026-01-08 03:50:00,91402.1,91402.1,91392.98,91392.98,0.06539,5976.7656971,14
2026-01-08 03:51:00,91387.53,91388.09,91387.53,91388.09,0.13049,11925.1695089,3
2026-01-08 03:52:00,91397.85,91408.81,91378.0,91378.0,0.04832,4416.695143,5
2026-01-08 03:53:00,91378.0,91388.04,91378.0,91388.04,0.04625,4226.3563932,4
2026-01-08 03:54:00,91388.98,91388.98,91388.98,91388.98,0.02312,2112.9132176,2
2026-01-08 03:55:00,91388.98,91388.98,91388.97,91388.97,0.00119,108.7528852,2
2026-01-08 03:56:00,91409.48,91409.48,91409.48,91409.48,0.0002,18.281896,1
2026-01-08 03:57:00,91422.32,91468.64,91422.32,91468.64,0.23175,21193.9329758,18
2026-01-08 03:58:00,91468.64,91468.65,91434.8,91434.81,2.24436,205251.1886529,7
2026-01-08 03:59:00,91434.8,91434.81,91434.8,91434.81,3.29087,300900.0618455,6
2026-01-08 04:00:00,91434.81,91437.13,91375.47,91437.13,4.96847,454204.9083481,77
2026-01-08 04:01:00,91437.12,91437.49,91385.94,91435.67,1.68871,154399.9882843,53
2026-01-08 04:02:00,91437.49,91462.8,91431.52,91434.8,0.08069,7378.7240596,11
2026-01-08 04:03:00,91434.81,91434.81,91394.48,91394.48,1.2498,114269.1227615,13
2026-01-08 04:04:00,91394.49,91394.49,91333.99,91354.39,0.57421,52454.9091732,30
2026-01-08 04:05:00,91354.39,91356.26,91321.58,91321.58,0.24955,22797.7984383,11
2026-01-08 04:06:00,91321.58,91402.51,91321.57,91402.51,0.24549,22432.616943,30
2026-01-08 04:07:00,91410.0,91411.22,91399.0,91411.22,0.24873,22736.178117,16
2026-01-08 04:08:00,91411.22,91440.13,91402.05,91440.13,0.18695,17088.6963692,5
2026-01-08 04:09:00,91413.39,91413.39,91409.34,91409.34,0.35378,32340.1393724,13
2026-01-08 04:10:00,91404.77,91439.32,91392.47,91439.32,3.73203,341168.846153,35
2026-01-08 04:11:00,91439.31,91439.31,91358.0,91358.0,3.47694,317731.9846624,22
2026-01-08 04:12:00,91358.0,91384.73,91348.02,91384.73,0.19723,18019.1121558,12
2026-01-08 04:13:00,91382.41,91396.61,91382.41,91396.61,0.03841,3510.4017901,2
2026-01-08 04:14:00,91396.61,91449.5,91396.61,91434.81,0.33202,30360.9019407,32
2026-01-08 04:15:00,91425.68,91425.68,91363.05,91364.93,0.56782,51893.1039611,36
2026-01-08 04:16:00,91364.94,91445.73,91364.94,91413.55,0.3651,33376.7579732,42
2026-01-08 04:17:00,91411.26,91418.82,91411.26,91418.82,0.31473,28770.2106888,6
2026-01-08 04:18:00,91416.47,91434.81,91416.46,91434.81,0.24451,22353.0210864,5
2026-01-08 04:19:00,91434.8,91434.8,91398.47,91398.47,0.15039,13746.4919714,27
2026-01-08 04:20:00,91398.48,91398.48,91339.89,91339.89,1.25205,114391.2980846,44
2026-01-08 04:21:00,91339.9,91339.9,91199.12,91199.12,0.25921,23666.5699204,83
2026-01-08 04:22:00,91199.12,91315.02,91199.12,91311.01,1.17543,107331.1932921,11
2026-01-08 04:23:00,91290.86,91290.87,91249.28,91249.28,0.15949,14557.4665685,10
2026-01-08 04:24:00,91244.98,91244.99,91138.43,91138.43,1.09763,100052.053364,34
2026-01-08 04:25:00,91118.46,91118.47,91081.38,91094.47,0.21008,19135.095854,24
2026-01-08 04:26:00,91121.8,91173.71,91121.8,91173.71,0.40762,37156.7990824,30
2026-01-08 04:27:00,91192.84,91240.8,91192.84,91240.8,0.35764,32625.1481061,40
2026-01-08 04:28:00,91222.0,91222.0,91197.13,91197.13,0.14494,13218.4600719,7
2026-01-08 04:29:00,91177.42,91196.57,91156.46,91196.57,0.12915,11776.0160927,19
2026-01-08 04:30:00,91196.57,91196.57,91171.16,91171.16,0.26021,23727.5874569,11
2026-01-08 04:31:00,91154.2,91154.2,91127.16,91151.52,0.92339,84165.7439988,24
2026-01-08 04:32:00,91150.01,91150.01,91150.01,91150.01,0.09222,8405.8539222,3
2026-01-08 04:33:00,91134.45,91134.46,91092.11,91092.12,0.4524,41222.6915092,36
2026-01-08 04:34:00,91092.12,91154.76,91092.11,91133.17,0.2894,26376.519706,28
2026-01-08 04:35:00,91127.16,91127.17,91030.89,91030.9,0.39377,35858.9467691,41
2026-01-08 04:36:00,91030.89,91030.9,90972.87,90972.87,1.29705,118067.8811027,16
2026-01-08 04:37:00,90972.86,90972.87,90913.02,90913.02,1.66146,151069.667898,59
2026-01-08 04:38:00,90913.03,90913.03,90898.71,90904.72,0.22088,20079.6798246,10
2026-01-08 04:39:00,90898.6,90924.88,90892.78,90900.0,0.08569,7790.7863027,9
2026-01-08 04:40:00,90890.42,90964.92,90890.42,90948.65,1.31863,119865.4735162,28
2026-01-08 04:41:00,90975.94,90976.0,90960.25,90961.27,0.13639,12406.5190828,7
2026-01-08 04:42:00,90961.27,90961.27,90883.6,90883.6,1.50728,137069.5343134,34
2026-01-08 04:43:00,90870.01,90877.37,90870.0,90877.37,0.01507,1369.4199751,5
2026-01-08 04:44:00,90872.83,90886.66,90872.82,90886.65,0.07968,7241.1624465,6
2026-01-08 04:45:00,90887.58,90887.58,90856.37,90882.3,0.19661,17868.5756806,21
2026-01-08 04:46:00,90865.35,90865.35,90804.35,90804.35,0.23682,21513.2007958,23
2026-01-08 04:47:00,90774.63,90800.01,90773.27,90800.0,0.23916,21712.7287496,16
2026-01-08 04:48:00,90788.13,90824.52,90788.13,90824.52,0.00122,110.7979086,2
2026-01-08 04:49:00,90851.77,90905.37,90851.77,90905.36,0.47135,42835.6877258,33
2026-01-08 04:50:00,90924.51,90948.97,90924.5,90932.9,0.18213,16563.0363617,22
2026-01-08 04:51:00,90921.52,91006.18,90921.52,91006.18,3.53784,321841.9216328,37
2026-01-08 04:52:00,91006.18,91006.18,90981.05,90981.05,1.1341,103208.6986673,7
2026-01-08 04:53:00,90976.51,90976.52,90976.51,90976.51,2.27168,206669.5297105,5
2026-01-08 04:54:00,90976.52,90976.52,90965.06,90967.44,1.10579,100590.8183883,4
2026-01-08 04:55:00,90967.45,90969.65,90965.06,90969.65,3.31971,301980.2508244,8
2026-01-08 04:56:00,90969.65,90997.87,90969.64,90996.51,3.28141,298555.9395449,8
2026-01-08 04:57:00,90987.45,90987.45,90984.24,90984.24,0.03912,3559.396944,2
2026-01-08 04:58:00,90965.06,90965.07,90927.41,90954.9,0.20476,18623.7590731,20
2026-01-08 04:59:00,90954.91,90956.49,90954.89,90954.89,0.05666,5153.5202674,4
2026-01-08 05:00:00,90954.89,90956.5,90927.41,90927.41,0.16815,15293.9870582,27
2026-01-08 05:01:00,90917.71,90917.71,90912.0,90912.0,0.00346,314.5564336,4
2026-01-08 05:02:00,90912.01,91009.39,90912.01,91009.39,0.30751,27975.3224345,32
2026-01-08 05:03:00,91025.45,91047.1,91025.44,91047.1,0.30134,27434.3977707,22
2026-01-08 05:04:00,91032.05,91156.08,91032.04,91088.28,4.60441,419192.2737936,46
2026-01-08 05:05:00,91088.28,91128.73,91088.28,91128.73,2.15627,196411.394735,7
2026-01-08 05:06:00,91109.42,91109.42,91088.99,91088.99,0.18225,16601.9630914,9
2026-01-08 05:07:00,91083.69,91083.7,91026.46,91026.47,0.09647,8783.9709894,11
2026-01-08 05:08:00,91031.02,91056.6,91031.02,91056.59,3.27221,297952.4505991,7
2026-01-08 05:09:00,91055.17,91090.83,91055.17,91090.82,2.532,230563.9232943,33
2026-01-08 05:10:00,91090.83,91090.83,91067.84,91071.01,0.21363,19458.1497168,29
2026-01-08 05:11:00,91064.09,91093.87,91059.35,91093.87,0.40067,36493.461708,31
2026-01-08 05:12:00,91062.42,91062.42,91062.42,91062.42,0.0222,2021.585724,1
2026-01-08 05:13:00,91062.42,91062.43,91062.42,91062.42,0.07275,6624.791349,4
2026-01-08 05:14:00,91057.8,91090.47,91057.8,91072.33,0.22474,20470.9687194,31
2026-01-08 05:15:00,91072.32,91093.12,91072.32,91093.12,0.39757,36212.8460785,40
2026-01-08 05:16:00,91102.63,91109.34,91079.73,91079.73,0.06898,6284.0251022,19
2026-01-08 05:17:00,91075.2,91096.21,91075.2,91087.94,0.21308,19410.6936689,18
2026-01-08 05:18:00,91087.95,91087.95,91034.75,91034.75,0.16318,14859.1327498,13
2026-01-08 05:19:00,91029.51,91047.5,91029.5,91047.5,0.23611,21493.5753703,35
2026-01-08 05:20:00,91047.5,91071.25,91047.49,91061.56,0.17977,16370.6037673,26
2026-01-08 05:21:00,91040.41,91040.42,91040.41,91040.41,0.09964,9071.2671093,6
2026-01-08 05:22:00,91032.99,91033.0,91032.99,91032.99,0.24105,21943.5026701,4
2026-01-08 05:23:00,91033.0,91033.0,91033.0,91033.0,0.04847,4412.36951,16
2026-01-08 05:24:00,91025.67,91025.68,91004.22,91004.22,0.03587,3264.8853627,4
2026-01-08 05:25:00,90999.99,91000.0,90999.99,91000.0,0.02791,2539.809856,6
2026-01-08 05:26:00,90993.6,90993.6,90905.23,90946.99,0.18239,16588.6234373,31
2026-01-08 05:27:00,90957.9,90967.09,90953.36,90953.36,1.0653,96899.7027225,6
2026-01-08 05:28:00,90953.36,90953.36,90939.86,90939.87,1.22902,111768.3672463,6
2026-01-08 05:29:00,90949.89,90949.89,90949.89,90949.89,0.00819,744.8795991,3
2026-01-08 05:30:00,90949.89,90960.26,90949.88,90960.26,1.32073,120122.876141,16
2026-01-08 05:31:00,90972.22,91687.92,90972.21,91004.51,2.36853,215790.5894931,76
2026-01-08 05:32:00,91004.5,91010.89,90982.0,91003.46,0.21561,19621.7004663,14
2026-01-08 05:33:00,91003.46,91033.0,91003.46,91033.0,3.46639,315542.1843461,19
2026-01-08 05:34:00,91032.99,91033.0,90981.79,90981.79,3.53635,321878.8282066,27
2026-01-08 05:35:00,90981.29,90984.02,90000.0,90984.02,3.62871,329924.7134028,90
2026-01-08 05:36:00,90999.99,91002.62,90974.17,91002.62,1.24164,112988.020007,16
2026-01-08 05:37:00,91002.63,91035.47,91002.62,91023.58,0.45886,41765.4533804,28
2026-01-08 05:38:00,91023.57,91025.53,91023.57,91025.53,0.04585,4173.4814505,3
2026-01-08 05:39:00,91032.66,91032.66,91032.66,91032.66,0.0668,6080.981688,1
2026-01-08 05:40:00,91032.67,91032.67,91028.71,91028.72,0.01318,1199.7842972,8
2026-01-08 05:41:00,91046.41,91046.41,90973.72,90973.72,1.23883,112742.6309116,35
2026-01-08 05:42:00,90973.72,90973.72,90924.18,90924.18,0.29778,27082.4913512,22
2026-01-08 05:43:00,90924.19,90924.19,90857.44,90857.44,0.4259,38704.3855304,33
2026-01-08 05:44:00,90829.49,90829.49,90768.71,90771.52,1.6572,150437.8303456,31
2026-01-08 05:45:00,90788.51,90808.86,90780.93,90780.93,0.30074,27308.7502037,20
2026-01-08 05:46:00,90780.94,90780.94,90755.28,90776.85,0.19039,17281.2606571,10
2026-01-08 05:47:00,90777.53,90777.53,90758.5,90758.5,0.06761,6136.2105808,8
2026-01-08 05:48:00,90735.78,90740.31,90625.0,90679.8,0.47982,43501.8490537,62
2026-01-08 05:49:00,90679.8,90774.0,90679.8,90773.99,0.34232,31068.9976495,33
2026-01-08 05:50:00,90788.65,91954.22,90788.64,90832.07,4.55493,414772.9687324,114
2026-01-08 05:51:00,90831.74,90831.74,90780.35,90780.35,0.1536,13950.3276648,11
2026-01-08 05:52:00,90796.94,90798.09,90739.14,90797.72,2.70373,245348.3329274,67
2026-01-08 05:53:00,90797.73,92106.41,90797.72,90800.0,5.48005,497783.5590052,54
2026-01-08 05:54:00,90800.0,90811.68,90724.66,90724.66,2.68837,244006.3005286,53
2026-01-08 05:55:00,90724.65,90758.6,90724.65,90757.73,0.37763,34265.8320803,32
2026-01-08 05:56:00,90749.21,90766.06,90749.21,90766.06,0.01661,1507.5321531,3
2026-01-08 05:57:00,90773.48,90805.73,90773.48,90805.73,0.13704,12443.0753394,11
2026-01-08 05:58:00,90812.37,90832.47,90812.37,90812.98,0.36994,33599.6560619,13
2026-01-08 05:59:00,90807.05,90813.4,90807.05,90813.4,0.02729,2478.293368,3
2026-01-08 06:00:00,90813.4,90829.15,90780.0,90829.14,2.41103,218918.5854361,49
2026-01-08 06:01:00,90845.24,90860.05,90845.23,90855.51,3.51798,319624.5929838,14
2026-01-08 06:02:00,90855.5,90855.5,90794.0,90831.3,4.61365,419020.9257643,33
2026-01-08 06:03:00,90829.48,90829.48,50000.0,90794.97,3.47189,312584.7844105,180
2026-01-08 06:04:00,90794.84,90813.02,90785.73,90813.02,0.475,43128.9624823,25
2026-01-08 06:05:00,90829.75,90873.09,90829.75,90846.65,1.37285,124749.8111194,28
2026-01-08 06:06:00,90846.65,90846.65,90831.44,90831.45,2.24687,204095.6427508,9
2026-01-08 06:07:00,90834.7,90834.7,90808.01,90808.01,0.10904,9903.4394815,8
2026-01-08 06:08:00,90808.0,90808.0,90753.96,90753.96,0.15917,14446.6211686,19
2026-01-08 06:09:00,90729.0,90742.33,81738.95,90731.0,3.2739,296884.7110394,48
2026-01-08 06:10:00,90731.0,90731.0,90725.09,90725.1,0.09409,8536.3368888,12
2026-01-08 06:11:00,90725.09,90758.71,90725.09,90758.71,0.12642,11472.9812226,5
2026-01-08 06:12:00,90775.2,90791.38,90775.2,90791.37,0.51588,46834.5898356,22
2026-01-08 06:13:00,90752.7,90752.7,90752.0,90752.01,0.06089,5525.9057937,4
2026-01-08 06:14:00,90752.01,90812.99,90752.01,90812.99,0.37776,34294.2231175,32
2026-01-08 06:15:00,90812.99,90845.19,90812.98,90845.19,2.78711,253125.3648901,12
2026-01-08 06:16:00,90845.19,90845.19,89329.0,90827.34,3.74157,339827.1555261,29
2026-01-08 06:17:00,90827.35,90832.01,90827.35,90832.01,3.25394,295556.9158887,13
2026-01-08 06:18:00,90832.0,90869.0,90832.0,90849.07,4.4467,403981.5051053,12
2026-01-08 06:19:00,90860.1,90872.53,90857.78,90872.53,3.22518,293053.3922409,14
2026-01-08 06:20:00,90872.54,90872.54,90856.49,90856.49,4.36115,396274.4958595,10
2026-01-08 06:21:00,90856.5,90856.5,90856.49,90856.49,2.17296,197427.5292014,9
2026-01-08 06:22:00,90856.5,90886.26,90851.36,90886.25,0.16871,15331.9716105,24
2026-01-08 06:23:00,90886.26,90889.93,90886.25,90886.25,0.27125,24653.3816137,20
2026-01-08 06:24:00,90886.26,90960.26,90886.25,90960.25,0.33103,30102.0125744,52
2026-01-08 06:25:00,90960.26,91041.99,90206.22,91041.98,3.34735,304368.7199273,115
2026-01-08 06:26:00,91041.98,91094.31,91041.98,91087.29,3.554,323651.5830163,43
2026-01-08 06:27:00,91087.32,91168.0,90985.0,91098.88,1.64797,150148.2287869,63
2026-01-08 06:28:00,91098.87,91098.88,91088.89,91088.9,0.1338,12188.6712764,18
2026-01-08 06:29:00,91088.89,91106.67,91079.84,91080.08,0.28705,26149.4358337,31
2026-01-08 06:30:00,91080.09,91121.46,91080.08,91121.45,3.81207,347359.758821,49
2026-01-08 06:31:00,91121.45,91121.45,91072.78,91090.99,3.44078,313395.8914432,30
2026-01-08 06:32:00,91090.99,91092.51,91081.14,91081.14,3.37193,307149.771229,18
2026-01-08 06:33:00,91081.14,91129.99,91081.13,91129.99,0.24547,22360.7753933,26
2026-01-08 06:34:00,91130.0,91130.0,91090.06,91096.51,3.55784,324209.8074023,26
2026-01-08 06:35:00,91081.82,91081.82,91079.25,91080.98,0.1863,16968.4062347,15
2026-01-08 06:36:00,91080.99,91080.99,91080.98,91080.98,0.02495,2272.4704698,10
2026-01-08 06:37:00,91081.83,91081.83,91063.11,91063.12,0.23326,21244.7291019,18
2026-01-08 06:38:00,91063.11,91063.11,91000.01,91022.18,0.73088,66537.3589064,69
2026-01-08 06:39:00,91029.0,91055.17,91029.0,91053.98,0.15743,14334.1672358,29
2026-01-08 06:40:00,91053.98,91082.58,91053.97,91077.06,0.07397,6735.7368598,17
2026-01-08 06:41:00,91074.51,91074.51,91072.73,91072.73,0.11005,10022.6350278,16
2026-01-08 06:42:00,91072.74,91080.74,91072.73,91080.73,0.04704,4284.430508,10
2026-01-08 06:43:00,91080.73,91096.24,91067.31,91067.31,0.14438,13150.1683244,18
2026-01-08 06:44:00,91067.32,91077.97,91037.39,91043.11,0.34972,31844.3813976,33
2026-01-08 06:45:00,91043.1,91067.65,91043.1,91067.65,0.09848,8968.290955,9
2026-01-08 06:46:00,91067.65,91109.75,91067.64,91082.4,0.07776,7083.3203208,5
2026-01-08 06:47:00,91067.96,91067.96,91040.35,91040.35,0.28881,26294.5418015,20
2026-01-08 06:48:00,91031.4,91032.48,91002.65,91032.48,0.28188,25657.4349492,25
2026-01-08 06:49:00,91032.49,91032.49,91032.49,91032.49,0.01889,1719.6037361,1
2026-01-08 06:50:00,91035.19,91047.09,91003.69,91003.69,0.04908,4468.0307795,11
2026-01-08 06:51:00,91012.88,91018.81,91010.39,91018.81,0.08567,7797.1113855,10
2026-01-08 06:52:00,91018.82,91038.97,91018.82,91019.1,0.16994,15470.8629873,17
2026-01-08 06:53:00,91022.44,91022.44,91022.43,91022.44,0.08232,7492.9670388,6
2026-01-08 06:54:00,91022.44,91022.44,91022.43,91022.43,0.18423,16769.0630466,10
2026-01-08 06:55:00,91022.44,91022.44,91009.99,91009.99,0.10907,9926.7718323,6
2026-01-08 06:56:00,91010.0,91032.63,91009.99,91032.63,0.18642,16967.2830382,6
2026-01-08 06:57:00,91032.63,91032.63,91032.62,91032.63,0.05845,5320.857206,4
2026-01-08 06:58:00,91052.71,91059.51,91022.87,91022.87,0.27074,24651.7144546,10
2026-01-08 06:59:00,91022.86,91031.82,91016.72,91031.82,0.07002,6373.7063822,5
2026-01-08 07:00:00,91031.83,91108.0,91031.83,91108.0,0.33202,30241.664776,55
2026-01-08 07:01:00,91095.22,91095.22,91037.42,91053.81,2.4878,226569.7374378,35
2026-01-08 07:02:00,91043.73,91051.79,91037.43,91051.79,0.14318,13035.3159847,5
2026-01-08 07:03:00,91051.79,91107.72,91051.78,91107.72,0.38158,34756.2422766,26
2026-01-08 07:04:00,91112.0,91150.08,91112.0,91139.19,2.32396,211828.1040531,17
2026-01-08 07:05:00,91139.2,91160.0,90850.49,91123.99,6.76554,616386.445413,76
2026-01-08 07:06:00,91123.99,91132.27,91102.33,91116.86,3.32046,302550.8685689,21
2026-01-08 07:07:00,91124.98,91160.0,85976.89,91160.0,6.63837,604381.141621,135
2026-01-08 07:08:00,91160.0,91160.0,91127.16,91127.16,3.44821,314282.0524186,22
2026-01-08 07:09:00,91127.17,91273.85,91127.17,91161.88,4.37484,398740.6640518,33
2026-01-08 07:10:00,91161.88,91161.88,91127.44,91127.44,1.24569,113557.134672,15
2026-01-08 07:11:00,91127.44,91127.45,91115.89,91115.89,0.03648,3324.1811821,5
2026-01-08 07:12:00,91115.89,91115.89,91093.99,91093.99,0.06872,6260.636249,7
2026-01-08 07:13:00,91094.0,91094.0,91093.99,91093.99,0.08115,7392.2776394,5
2026-01-08 07:14:00,91092.01,91092.01,91087.49,91090.03,0.25432,23165.9578305,11
2026-01-08 07:15:00,91098.38,91100.31,91098.38,91100.31,0.08879,8088.7770477,9
2026-01-08 07:16:00,91115.64,91115.64,91100.3,91100.31,0.0629,5730.4225135,4
2026-01-08 07:17:00,91122.03,91122.68,91122.03,91122.67,0.19874,18109.7202043,3
2026-01-08 07:18:00,91099.3,91099.3,91096.64,91096.64,0.10595,9651.9333769,4
2026-01-08 07:19:00,91096.64,91099.28,91096.64,91099.28,0.1534,13974.25231,6
2026-01-08 07:20:00,91099.29,91124.29,91099.29,91124.29,0.10639,9693.9988131,10
2026-01-08 07:21:00,91124.28,91150.0,91124.28,91149.99,0.57399,52316.7186996,21
2026-01-08 07:22:00,91150.0,91150.0,91149.99,91150.0,0.01312,1195.8879837,7
2026-01-08 07:23:00,91163.12,91163.12,91163.11,91163.11,0.07357,6706.8703681,5
2026-01-08 07:24:00,91161.19,91161.19,91155.13,91155.14,2.19857,200411.2529848,6
2026-01-08 07:25:00,91155.14,91155.14,91091.77,91091.77,2.43022,221468.3902046,28
2026-01-08 07:26:00,91088.05,91088.05,91067.29,91067.92,1.1746,106981.4545631,11
2026-01-08 07:27:00,91077.03,91077.03,90970.4,91050.72,0.09182,8361.6990568,23
2026-01-08 07:28:00,91050.72,91050.72,91008.72,91008.72,0.04289,3904.2491024,5
2026-01-08 07:29:00,91008.72,91008.73,91008.69,91008.7,0.11307,10290.3549498,10
2026-01-08 07:30:00,91008.73,91021.58,91006.16,91006.17,0.12546,11419.2417554,11
2026-01-08 07:31:00,91006.17,91006.17,91006.16,91006.17,0.00213,193.8431317,5
2026-01-08 07:32:00,91006.17,91030.64,91006.17,91030.64,0.11721,10669.695931,5
2026-01-08 07:33:00,91050.03,91050.03,91025.7,91025.7,0.15174,13813.2166317,7
2026-01-08 07:34:00,91041.77,91041.77,91011.98,91011.99,0.14683,13365.7610914,11
2026-01-08 07:35:00,91011.99,91038.12,91011.98,91038.11,0.03688,3357.1162875,4
2026-01-08 07:36:00,91038.12,91038.12,90959.55,90959.55,0.20103,18297.8306806,18
2026-01-08 07:37:00,90958.61,90992.03,90958.6,90992.02,0.50718,46139.2336836,30
2026-01-08 07:38:00,90992.03,91022.43,90992.03,91022.43,0.3882,35330.6769986,35
2026-01-08 07:39:00,91032.0,91055.17,91032.0,91055.17,0.02528,2301.3154561,5
2026-01-08 07:40:00,91055.17,91055.17,90884.77,91035.85,0.12659,11524.5750282,35
2026-01-08 07:41:00,91035.84,91035.85,91012.86,91012.87,0.29509,26857.8159879,9
2026-01-08 07:42:00,91012.86,91012.87,90931.42,90931.42,0.11611,10562.9226652,20
2026-01-08 07:43:00,90931.42,90931.43,90877.67,90891.45,0.18532,16843.9496539,26
2026-01-08 07:44:00,90894.56,90894.56,90894.55,90894.56,0.20094,18264.3521336,8
2026-01-08 07:45:00,90894.55,90912.18,90881.18,90881.18,0.07752,7046.3376424,12
2026-01-08 07:46:00,90881.18,90890.51,90881.18,90890.51,0.0549,4989.3835929,4
2026-01-08 07:47:00,90899.42,90899.42,90870.8,90870.8,1.13646,103299.341859,11
2026-01-08 07:48:00,90872.29,90872.29,90872.29,90872.29,0.00112,101.7769648,3
2026-01-08 07:49:00,90872.28,90887.44,90872.28,90878.84,0.02183,1983.8939078,8
2026-01-08 07:50:00,90878.84,90887.42,90878.83,90887.41,0.18265,16600.3231629,20
2026-01-08 07:51:00,90887.42,90887.42,90887.42,90887.42,0.00082,74.5276844,3
2026-01-08 07:52:00,90887.42,90887.42,90799.96,90802.85,1.26991,115311.018113,44
2026-01-08 07:53:00,90786.15,90818.64,90786.15,90818.63,0.19794,17975.3935424,24
2026-01-08 07:54:00,90818.64,90823.01,90818.63,90823.01,0.04444,4036.0856652,12
2026-01-08 07:55:00,90823.01,90823.01,90823.0,90823.01,0.22926,20822.0822464,10
2026-01-08 07:56:00,90823.01,90825.88,90823.0,90825.87,0.1196,10862.5851156,11
2026-01-08 07:57:00,90825.88,90825.88,90790.9,90790.91,0.12469,11321.0255755,15
2026-01-08 07:58:00,90790.9,90804.44,90790.9,90804.43,0.33211,30154.9137492,11
2026-01-08 07:59:00,90804.44,90822.93,90804.44,90822.93,0.10283,9339.0410822,15
2026-01-08 08:00:00,90829.58,90860.02,90829.57,90860.02,0.27045,24567.5508363,28
2026-01-08 08:01:00,90872.0,90872.0,90824.73,90824.73,0.43929,39906.8584273,38
2026-01-08 08:02:00,90817.47,90817.48,90817.47,90817.47,0.08469,7691.3318722,4
2026-01-08 08:03:00,90802.34,90805.77,90802.33,90805.76,0.079,7173.6483006,6
2026-01-08 08:04:00,90800.01,90800.01,90733.88,90733.88,0.55711,50568.363968,30
2026-01-08 08:05:00,90733.88,90736.51,90528.0,90528.0,0.34595,31346.2710971,57
2026-01-08 08:06:00,90528.0,90528.01,90517.15,90523.27,0.62837,56882.8408609,20
2026-01-08 08:07:00,90523.26,90523.27,90505.97,90505.97,0.45748,41410.9209537,35
2026-01-08 08:08:00,90505.96,90548.0,90467.5,90467.51,0.30275,27392.9247261,32
2026-01-08 08:09:00,90464.1,90564.73,90443.89,90559.39,0.6737,61000.8498658,41
2026-01-08 08:10:00,90559.39,90603.53,90559.39,90580.61,0.25942,23500.5083739,27
2026-01-08 08:11:00,90564.61,90564.61,90464.94,90464.95,0.47618,43099.8340074,49
2026-01-08 08:12:00,90464.94,90490.42,90421.21,90421.21,0.43111,38993.6127931,28
2026-01-08 08:13:00,90421.2,90498.79,90421.2,90498.79,0.15346,13887.4153054,21
2026-01-08 08:14:00,90498.79,90516.55,90470.99,90516.55,0.20488,18540.3086529,14
2026-01-08 08:15:00,90500.67,90500.67,90464.02,90471.92,0.25374,22958.4413954,23
2026-01-08 08:16:00,90485.71,90485.71,90451.14,90451.14,0.19781,17893.9400189,16
2026-01-08 08:17:00,90462.82,90463.74,90297.12,90350.59,0.45345,40954.8029445,45
2026-01-08 08:18:00,90350.59,90350.59,90328.19,90328.2,0.11592,10472.4076041,16
2026-01-08 08:19:00,90301.09,90326.0,90300.01,90326.0,0.82627,74618.5827126,18
2026-01-08 08:20:00,90325.99,90426.9,90325.99,90426.9,0.51988,47000.1733704,48
2026-01-08 08:21:00,90426.9,90495.27,90423.3,90423.3,1.27112,115023.1678148,26
2026-01-08 08:22:00,90423.31,90423.31,90326.9,90326.9,1.59199,143871.5357695,45
2026-01-08 08:23:00,90326.89,90326.9,90240.0,90241.16,0.44305,39997.2622711,41
2026-01-08 08:24:00,90267.63,90298.66,90220.01,90220.01,0.54556,49239.5642775,64
2026-01-08 08:25:00,90220.01,90269.05,90219.63,90269.05,0.43806,39528.3644208,41
2026-01-08 08:26:00,90269.04,90294.31,90269.04,90287.98,0.1385,12504.8794139,8
2026-01-08 08:27:00,90256.93,90334.35,90256.93,90334.35,0.33751,30481.4339699,35
2026-01-08 08:28:00,90334.36,90334.36,90280.25,90280.25,0.19869,17942.5904063,14
2026-01-08 08:29:00,90256.0,90276.88,90256.0,90276.88,0.14781,13343.4666835,20
2026-01-08 08:30:00,90289.88,90302.81,90289.88,90302.8,2.31578,209120.6635365,8
2026-01-08 08:31:00,90316.1,90365.31,85976.89,90343.58,3.11547,281166.2800435,88
2026-01-08 08:32:00,90343.59,90343.59,90299.1,90299.98,0.29374,26524.4976098,29
2026-01-08 08:33:00,90299.99,90321.12,90299.98,90299.99,0.06631,5989.1253594,10
2026-01-08 08:34:00,90299.99,90330.85,90299.99,90318.64,0.20045,18104.1185052,13
2026-01-08 08:35:00,90318.65,90329.1,90302.0,90302.0,0.21995,19863.5597495,16
2026-01-08 08:36:00,90254.07,90254.07,90219.69,90219.69,0.22419,20231.6122076,22
2026-01-08 08:37:00,90257.6,90370.89,90257.6,90364.01,1.04372,94242.8611761,78
2026-01-08 08:38:00,90364.01,90413.79,90364.0,90413.56,0.21942,19832.8994584,30
2026-01-08 08:39:00,90400.0,90404.43,90390.77,90391.28,2.24065,202549.4894622,18
2026-01-08 08:40:00,90391.27,90391.28,89460.36,90352.14,3.9156,353670.3459266,45
2026-01-08 08:41:00,90263.65,90395.28,90263.65,90395.27,4.17297,377122.9669464,43
2026-01-08 08:42:00,90395.27,90395.28,90395.27,90395.27,3.21724,290823.2999329,9
2026-01-08 08:43:00,90395.28,90395.28,90304.87,90385.1,3.06943,277448.8112461,23
2026-01-08 08:44:00,90385.09,90385.1,90385.09,90385.09,2.12234,191827.9011153,8
2026-01-08 08:45:00,90376.95,90376.95,90341.76,90341.77,1.09849,99277.7565422,14
2026-01-08 08:46:00,90341.77,90343.45,90318.4,90318.4,0.11364,10266.1668115,9
2026-01-08 08:47:00,90318.39,90438.51,90318.39,90333.1,0.49052,44319.6582259,81
2026-01-08 08:48:00,90333.11,90333.11,90300.0,90300.0,0.05102,4607.4568851,42
2026-01-08 08:49:00,90300.0,90300.0,90253.81,90253.81,2.68736,242607.9797764,72
2026-01-08 08:50:00,90233.58,90235.85,90203.4,90203.4,0.11514,10386.4552914,14
2026-01-08 08:51:00,90176.33,90259.61,90164.6,90259.61,0.44614,40252.739059,36
2026-01-08 08:52:00,90285.4,90285.41,90153.71,90153.71,0.60793,54847.2876924,50
2026-01-08 08:53:00,90136.96,90161.75,90136.96,90141.75,0.12394,11174.0330179,7
2026-01-08 08:54:00,90141.74,90141.75,90123.04,90123.04,0.02708,2440.7561708,6
2026-01-08 08:55:00,90106.12,90153.71,90106.12,90153.51,2.19664,198033.6577165,15
2026-01-08 08:56:00,90153.51,90162.13,90153.51,90153.57,0.03195,2880.5057703,5
2026-01-08 08:57:00,90118.01,90118.01,90106.55,90115.58,1.23235,111053.4663263,10
2026-01-08 08:58:00,90115.58,90115.58,90050.01,90050.01,0.21127,19028.62532,22
2026-01-08 08:59:00,90050.01,90050.01,89930.04,89930.04,0.70723,63619.0100634,72
2026-01-08 09:00:00,89930.04,89975.14,89860.11,89975.14,3.68241,331113.2083485,70
2026-01-08 09:01:00,89975.14,89975.15,89255.35,89682.42,3.77113,338973.0543505,125
2026-01-08 09:02:00,89682.42,90354.48,89682.41,89880.0,5.96392,536033.8041047,115
2026-01-08 09:03:00,89872.7,89906.8,89800.0,89800.0,0.44715,40179.4499594,52
2026-01-08 09:04:00,89800.01,89899.99,89800.01,89887.98,0.36204,32543.112247,37
2026-01-08 09:05:00,89887.97,89940.85,89826.55,89940.84,0.72724,65353.6946111,71
2026-01-08 09:06:00,89940.85,89984.88,89891.21,89921.34,0.556,49992.5886617,77
2026-01-08 09:07:00,89921.34,90759.68,89909.99,90013.73,4.24251,381814.5875651,109
2026-01-08 09:08:00,90013.72,90038.39,90013.72,90015.53,2.23258,200966.3524436,25
2026-01-08 09:09:00,90021.01,90062.49,89958.22,89958.22,1.23257,110925.9468696,29
2026-01-08 09:10:00,89979.22,90033.89,89120.79,90033.89,4.1988,377689.0728371,77
2026-01-08 09:11:00,89761.02,90098.72,89761.02,90098.71,4.29114,386409.5823951,45
2026-01-08 09:12:00,90098.71,90098.72,90000.0,90008.79,5.58612,503003.4751661,40
2026-01-08 09:13:00,90008.8,90020.61,90008.79,90020.6,3.26914,294270.065274,15
2026-01-08 09:14:00,90020.53,90059.87,90010.0,90059.87,2.42297,218107.5666792,20
2026-01-08 09:15:00,90047.88,90062.99,90006.0,90062.99,0.24801,22331.1386132,26
2026-01-08 09:16:00,90063.0,90085.12,90063.0,90066.98,0.0464,4179.4290208,4
2026-01-08 09:17:00,90087.71,90120.0,90087.71,90092.95,0.32448,29240.4982367,30
2026-01-08 09:18:00,90088.16,90094.88,90064.92,90094.87,2.2787,205257.4218019,28
2026-01-08 09:19:00,90108.18,90118.51,90101.67,90101.67,2.20209,198444.3197732,6
2026-01-08 09:20:00,90101.67,90131.58,90101.67,90131.58,2.13903,192752.6555875,8
2026-01-08 09:21:00,90113.56,90144.0,90113.55,90144.0,3.30521,297866.1204754,8
2026-01-08 09:22:00,90143.99,90150.85,90139.92,90150.0,4.42786,399151.3764896,12
2026-01-08 09:23:00,90146.84,90176.0,89109.9,90176.0,3.78697,341128.2952866,96
2026-01-08 09:24:00,90176.01,90176.01,89268.3,90142.72,2.04025,183940.4896571,41
2026-01-08 09:25:00,90159.36,90200.34,90159.36,90200.34,4.26084,384249.2597116,19
2026-01-08 09:26:00,90200.33,90222.27,90200.33,90217.54,3.20066,288765.57042,6
2026-01-08 09:27:00,90217.54,90271.97,90217.54,90240.62,5.8966,532199.3881613,39
2026-01-08 09:28:00,90240.62,90274.0,90240.62,90273.99,3.42206,308888.7737645,21
2026-01-08 09:29:00,90264.96,90266.66,89265.9,90266.65,1.57519,141993.1800005,36
2026-01-08 09:30:00,90266.66,90274.0,90263.84,90269.99,4.18325,377619.0126607,18
2026-01-08 09:31:00,90265.0,92387.78,90219.08,90249.15,3.70752,334838.0260435,94
2026-01-08 09:32:00,90249.15,90316.85,90249.14,90316.85,3.57882,323066.9796537,28
2026-01-08 09:33:00,90316.85,90369.84,90316.84,90369.83,2.20884,199607.9137026,24
2026-01-08 09:34:00,90348.33,90362.28,90345.21,90359.62,4.34825,392881.0319815,18
2026-01-08 09:35:00,90370.21,90386.0,88218.54,90386.0,3.65124,329736.4383119,40
2026-01-08 09:36:00,90364.84,90406.23,88218.54,90406.23,2.90505,262582.7595482,30
2026-01-08 09:37:00,90392.32,90397.73,90350.0,90397.73,3.58719,324196.5300935,35
2026-01-08 09:38:00,90388.01,90388.01,90363.28,90363.28,3.37014,304582.1054926,13
2026-01-08 09:39:00,90363.28,90387.7,90363.28,90380.12,3.23206,292108.6281087,21
2026-01-08 09:40:00,90380.12,90380.12,90350.0,90350.0,0.09704,8769.7461554,15
2026-01-08 09:41:00,90360.78,90427.96,90360.78,90418.91,0.41215,37266.1447748,33
2026-01-08 09:42:00,90456.33,90456.34,90450.0,90450.0,0.28442,25727.5851383,14
2026-01-08 09:43:00,90443.62,90443.62,90431.42,90432.42,0.10757,9728.362011,8
2026-01-08 09:44:00,90432.41,90456.54,90428.75,90456.53,4.43605,401226.8726244,19
2026-01-08 09:45:00,90456.5,90473.89,90456.5,90473.89,3.21832,291137.1193359,10
2026-01-08 09:46:00,90473.88,90473.94,90429.35,90429.35,5.40822,489204.5334194,13
2026-01-08 09:47:00,90426.74,90544.36,90426.74,90495.99,3.52135,318598.9781532,46
2026-01-08 09:48:00,90498.8,90498.8,90454.55,90454.55,2.44993,221693.5344207,22
2026-01-08 09:49:00,90454.54,90474.49,90445.31,90474.49,0.23048,20849.8417013,16
2026-01-08 09:50:00,90474.5,90501.13,90474.5,90501.12,0.12939,11706.8475434,14
2026-01-08 09:51:00,90501.13,90522.32,90501.13,90522.31,0.25562,23139.2895952,17
2026-01-08 09:52:00,90518.52,90527.73,90518.51,90527.72,0.66531,60223.6532489,8
2026-01-08 09:53:00,90523.95,90529.15,90465.44,90465.44,2.15178,194752.4722751,16
2026-01-08 09:54:00,90486.15,90486.15,90464.08,90485.69,0.0748,6767.820935,10
2026-01-08 09:55:00,90489.74,90521.9,90489.74,90504.54,1.18486,107255.6293504,21
2026-01-08 09:56:00,90504.55,90547.31,90504.54,90547.31,0.32282,29221.0284873,17
2026-01-08 09:57:00,90560.17,90588.0,90560.17,90579.71,0.74242,67253.3410083,35
2026-01-08 09:58:00,90570.74,90570.74,90555.01,90555.01,3.16471,286613.5213586,3
2026-01-08 09:59:00,90556.33,90556.34,90548.01,90548.02,4.24425,384317.1929235,11
2026-01-08 10:00:00,90548.02,90565.91,90548.01,90564.64,4.28708,388221.790012,35
2026-01-08 10:01:00,90563.39,90587.99,90506.08,90506.08,1.43947,130381.7690742,32
2026-01-08 10:02:00,90506.09,90518.98,90486.41,90500.0,0.04523,4093.4161412,10
2026-01-08 10:03:00,90490.46,90490.46,90466.99,90484.55,0.18795,17004.8848287,16
2026-01-08 10:04:00,90463.26,90548.02,90463.26,90548.02,0.68071,61611.9843436,47
2026-01-08 10:05:00,90548.03,90613.0,90548.03,90608.91,0.16844,15261.8981617,19
2026-01-08 10:06:00,90595.96,90595.97,90512.24,90512.25,0.07943,7194.6991651,15
2026-01-08 10:07:00,90538.24,90538.25,90514.73,90518.29,2.38523,215908.1676935,21
2026-01-08 10:08:00,90518.3,90532.08,90515.67,90521.69,0.02701,2445.2081565,8
2026-01-08 10:09:00,90521.68,90534.54,90504.24,90534.54,0.07462,6754.2992716,8
2026-01-08 10:10:00,90534.54,90534.54,90521.9,90521.9,0.08085,7318.8934703,16
2026-01-08 10:11:00,90530.36,90540.4,90530.35,90531.34,0.06654,6023.9277011,13
2026-01-08 10:12:00,90531.35,90614.18,90531.35,90614.18,0.1743,15784.8832353,13
2026-01-08 10:13:00,90614.18,90614.18,82954.46,90607.51,3.41996,309389.78428,70
2026-01-08 10:14:00,90607.51,90625.81,90607.51,90625.81,3.82835,346902.5601001,20
2026-01-08 10:15:00,90627.3,90627.3,90591.76,90604.31,4.23114,383378.144499,11
2026-01-08 10:16:00,90608.64,90608.65,87549.51,90603.94,3.2927,298223.7288144,50
2026-01-08 10:17:00,90596.28,90666.9,86020.5,90655.56,2.8622,259341.6137743,47
2026-01-08 10:18:00,90665.07,90675.61,90665.07,90675.61,4.37947,397090.8497139,15
2026-01-08 10:19:00,90679.33,90679.33,90604.45,90631.65,1.39005,126030.8989271,35
2026-01-08 10:20:00,90632.34,90645.08,90618.28,90645.07,0.13763,12473.4936708,20
2026-01-08 10:21:00,90645.07,90645.07,90605.29,90605.29,0.14587,13219.6885068,6
2026-01-08 10:22:00,90574.29,90574.29,90574.28,90574.28,0.02439,2209.1069227,5
2026-01-08 10:23:00,90586.75,90602.22,90586.75,90586.84,0.07444,6743.6766381,4
2026-01-08 10:24:00,90586.86,90649.55,90586.86,90649.55,0.05865,5315.4401664,17
2026-01-08 10:25:00,90649.55,90684.96,90649.55,90683.33,0.18555,16825.6800345,19
2026-01-08 10:26:00,90683.33,90683.33,90655.0,90655.0,0.13036,11819.3041536,7
2026-01-08 10:27:00,90655.01,90675.6,90655.01,90675.59,4.30767,390578.979276,16
2026-01-08 10:28:00,90675.59,90675.6,90675.59,90675.6,3.14849,285491.2093071,7
2026-01-08 10:29:00,90693.44,90809.35,90690.44,90690.44,4.19465,380460.9454067,31
2026-01-08 10:30:00,90690.45,90708.26,90690.45,90708.25,2.23646,202852.0276161,15
2026-01-08 10:31:00,90724.0,90724.0,90625.09,90625.09,3.46842,314471.4307508,43
2026-01-08 10:32:00,90625.1,90625.1,90556.29,90556.29,0.37751,34196.0643753,21
2026-01-08 10:33:00,90552.32,90552.33,90462.92,90462.92,0.53455,48382.8112336,34
2026-01-08 10:34:00,90455.31,90473.05,90455.31,90473.05,0.11572,10469.1223272,3
2026-01-08 10:35:00,90471.08,90482.1,90471.07,90480.96,0.12205,11043.1809736,14
2026-01-08 10:36:00,90485.71,90485.71,90466.72,90466.72,1.20138,108699.0055778,9
2026-01-08 10:37:00,90467.74,90467.75,90420.0,90420.0,0.473,42781.4193903,26
2026-01-08 10:38:00,90419.99,90440.52,90419.99,90420.92,0.07442,6729.0874849,8
2026-01-08 10:39:00,90400.93,90414.0,90400.93,90414.0,0.04,3616.198,5
2026-01-08 10:40:00,90414.01,90430.15,90397.95,90397.95,0.34169,30895.3638717,35
2026-01-08 10:41:00,90397.96,90397.96,90397.95,90397.96,0.02257,2040.2818432,3
2026-01-08 10:42:00,90413.96,90424.1,90404.31,90424.1,0.07089,6409.6762523,10
2026-01-08 10:43:00,90424.09,90427.29,90424.09,90427.29,0.37167,33608.6071295,93
2026-01-08 10:44:00,90427.29,90444.77,89727.62,90439.6,0.56873,51410.5915148,93
2026-01-08 10:45:00,90431.62,90436.36,86022.0,90436.36,0.89344,80592.2380629,116
2026-01-08 10:46:00,90436.36,90436.37,90388.68,90388.68,0.28404,25678.0212684,21
2026-01-08 10:47:00,90380.35,90380.35,90338.19,90354.1,0.46815,42297.1288446,36
2026-01-08 10:48:00,90339.56,90344.26,90339.56,90344.25,0.09208,8318.8964651,3
2026-01-08 10:49:00,90327.78,90327.78,90287.13,90287.13,0.04783,4318.5945603,7
2026-01-08 10:50:00,90282.59,90282.59,90272.84,90272.85,0.23801,21486.7792765,20
2026-01-08 10:51:00,90269.76,90269.77,90263.75,90263.75,0.02004,1808.9817141,9
2026-01-08 10:52:00,90223.82,90233.28,90216.22,90233.28,0.28071,25326.4618007,32
2026-01-08 10:53:00,90233.28,90233.29,90174.66,90174.66,1.25793,113461.5150957,19
2026-01-08 10:54:00,90174.65,90220.51,90174.65,90220.5,0.19535,17621.7709949,11
2026-01-08 10:55:00,90219.99,90246.91,90219.99,90232.65,0.07668,6919.1853171,7
2026-01-08 10:56:00,90242.55,90242.56,90186.15,90186.15,0.39548,35669.7358306,28
2026-01-08 10:57:00,90213.22,90225.98,90186.95,90186.96,0.4749,42835.2597497,27
2026-01-08 10:58:00,90186.96,90197.16,90186.94,90197.16,0.21935,19783.1685115,6
2026-01-08 10:59:00,90206.15,90213.26,90206.15,90206.91,0.24214,21843.7878642,15
2026-01-08 11:00:00,90206.92,90253.64,90206.91,90253.64,0.18166,16391.7294755,33
2026-01-08 11:01:00,90257.64,90257.64,90216.0,90216.0,0.41837,37752.6394638,21
2026-01-08 11:02:00,90216.0,90216.0,90190.82,90190.82,0.11049,9966.0633363,14
2026-01-08 11:03:00,90192.01,90222.72,90173.18,90222.72,1.26658,114237.8493901,20
2026-01-08 11:04:00,90222.73,90309.57,90222.72,90309.57,1.57609,142313.135022,33
2026-01-08 11:05:00,90305.21,90315.08,90295.88,90295.88,2.40447,217125.0965067,15
2026-01-08 11:06:00,90268.79,90317.48,90266.88,90317.48,3.32571,300280.1656279,14
2026-01-08 11:07:00,90322.48,90336.07,90103.35,90265.5,4.69847,424367.2138751,64
2026-01-08 11:08:00,90265.5,90346.12,90265.5,90310.81,4.4704,403818.9068004,114
2026-01-08 11:09:00,90310.82,90360.0,90310.81,90360.0,4.46314,403158.4429391,26
2026-01-08 11:10:00,90369.04,90369.04,90363.66,90363.66,3.4229,309311.7387029,15
2026-01-08 11:11:00,90359.99,90359.99,90322.36,90322.36,3.15553,285105.4727723,12
2026-01-08 11:12:00,90322.36,90322.36,90313.99,90313.99,3.71979,335963.8762341,20
2026-01-08 11:13:00,90314.0,90321.28,90314.0,90321.28,0.15635,14120.8900164,5
2026-01-08 11:14:00,90323.98,90349.0,90323.98,90327.62,0.21819,19712.0673244,14
2026-01-08 11:15:00,90327.62,90327.62,89635.04,90153.03,0.91231,81991.1394969,74
2026-01-08 11:16:00,89635.04,90332.87,89635.04,90320.2,2.21254,199717.4054067,71
2026-01-08 11:17:00,90316.66,90330.68,90302.82,90330.68,0.20404,18427.2357593,14
2026-01-08 11:18:00,90316.65,90316.65,90240.0,90240.01,0.27714,25012.1888844,29
2026-01-08 11:19:00,90239.99,90239.99,87984.01,90210.09,2.62504,236636.1901203,66
2026-01-08 11:20:00,90210.09,90221.79,90135.31,90150.81,0.45577,41092.6556352,43
2026-01-08 11:21:00,90162.0,90171.42,90152.32,90171.42,0.14245,12843.2489451,11
2026-01-08 11:22:00,90167.41,90167.41,90117.4,90117.4,0.41156,37098.403485,32
2026-01-08 11:23:00,90117.39,90132.0,90037.0,90037.0,0.69578,62668.5994707,52
2026-01-08 11:24:00,90037.0,90100.0,90037.0,90099.99,0.25858,23292.4906869,24
2026-01-08 11:25:00,90110.41,90142.23,90101.12,90101.12,0.30181,27197.065863,15
2026-01-08 11:26:00,90101.12,90120.45,90081.36,90081.36,0.90497,81538.408025,26
2026-01-08 11:27:00,90081.36,90088.96,85611.5,90082.84,0.76136,68562.9534346,70
2026-01-08 11:28:00,90082.84,90082.84,90038.69,90069.14,0.17587,15840.6073901,14
2026-01-08 11:29:00,90040.73,90040.73,90027.02,90027.02,0.04216,3795.9649958,2
2026-01-08 11:30:00,90036.43,90036.43,90001.0,90001.0,0.23906,21519.2682911,18
2026-01-08 11:31:00,90000.02,90000.02,90000.01,90000.01,0.00483,434.7000566,2
2026-01-08 11:32:00,89984.5,90010.73,89984.49,89984.51,0.4254,38280.1551613,40
2026-01-08 11:33:00,90010.53,90076.53,90010.53,90076.53,0.36667,33018.0494615,40
2026-01-08 11:34:00,90076.53,90089.87,90076.52,90089.86,0.038,3423.3838029,8
2026-01-08 11:35:00,90098.28,90109.66,90098.28,90109.65,0.06855,6176.4874097,8
2026-01-08 11:36:00,90109.66,90109.66,90104.66,90104.66,3.52949,318024.7039806,15
2026-01-08 11:37:00,90098.29,90112.31,90095.15,90095.15,4.52404,407618.2871908,29
2026-01-08 11:38:00,90095.16,90095.16,89991.23,89991.23,3.40472,306607.5520225,45
2026-01-08 11:39:00,89995.58,90007.49,89995.58,90007.48,0.0674,6066.4913935,3
2026-01-08 11:40:00,90011.56,90036.65,90000.98,90036.65,0.34617,31161.0801536,24
2026-01-08 11:41:00,90036.65,90036.66,85613.0,89978.02,0.5108,45802.674057,70
2026-01-08 11:42:00,89978.02,90013.51,89978.01,90013.5,0.13489,12137.7927056,10
2026-01-08 11:43:00,90019.87,90056.01,90019.86,90056.0,0.18023,16230.0189315,17
2026-01-08 11:44:00,90056.0,90067.12,90056.0,90067.1,0.12971,11681.5079426,9
2026-01-08 11:45:00,90066.9,90280.42,90053.32,90066.99,3.2466,292481.2540738,34
2026-01-08 11:46:00,90066.98,90079.59,89621.14,90027.89,3.20393,288517.8630836,45
2026-01-08 11:47:00,90027.89,90038.41,90027.89,90038.41,2.30593,207600.714912,17
2026-01-08 11:48:00,90038.4,90103.86,90038.4,90088.23,0.29659,26719.50208,26
2026-01-08 11:49:00,90095.34,90121.43,90095.34,90121.42,0.46021,41472.1540544,29
2026-01-08 11:50:00,90121.43,90145.01,90121.42,90132.7,2.45022,220861.467008,40
2026-01-08 11:51:00,90145.01,90145.01,90080.35,90097.97,4.88641,440276.6984194,49
2026-01-08 11:52:00,90088.45,90088.45,90080.98,90080.99,3.21166,289317.5747386,7
2026-01-08 11:53:00,90080.99,90093.16,90066.14,90088.76,1.37326,123705.7993782,27
2026-01-08 11:54:00,90088.75,90088.76,90066.23,90068.07,0.12657,11400.0316204,7
2026-01-08 11:55:00,90077.42,90090.64,90066.26,90066.26,0.15254,13742.0099057,8
2026-01-08 11:56:00,90066.25,90067.18,90048.22,90067.18,0.26065,23475.2339857,18
2026-01-08 11:57:00,90053.41,90053.41,89974.81,89974.82,0.29011,26111.0770535,31
2026-01-08 11:58:00,89968.58,89996.7,89968.58,89996.69,0.17571,15812.1715297,11
2026-01-08 11:59:00,90005.45,90005.45,90005.44,90005.44,0.04436,3992.6415398,5
2026-01-08 12:00:00,90010.0,90021.28,89928.39,89928.4,0.52718,47429.0295904,54
2026-01-08 12:01:00,89923.09,89923.09,89847.8,89847.8,0.72466,65137.4894591,38
2026-01-08 12:02:00,89847.79,89847.79,89800.08,89837.88,1.44647,129924.5708225,73
2026-01-08 12:03:00,89837.88,89837.88,89791.5,89830.7,1.59857,143546.7712746,47
2026-01-08 12:04:00,89830.69,89881.5,89803.74,89874.05,0.12856,11552.1029648,24
2026-01-08 12:05:00,89853.39,89988.46,89853.39,89988.46,0.55484,49904.5072122,54
2026-01-08 12:06:00,89988.45,90041.93,89980.73,90041.93,0.52997,47714.0855891,41
2026-01-08 12:07:00,90041.92,90041.92,90006.2,90036.3,2.41523,217449.6481281,35
2026-01-08 12:08:00,90036.31,90067.1,90036.3,90045.49,1.43312,129035.9411593,17
2026-01-08 12:09:00,90045.48,90045.48,89986.14,89986.15,0.67392,60660.0225316,35
2026-01-08 12:10:00,90002.09,90002.1,89986.11,89986.12,2.21975,199760.7864893,11
2026-01-08 12:11:00,89986.11,89986.11,89960.06,89966.89,1.17514,105743.1552712,20
2026-01-08 12:12:00,89951.57,89951.57,89951.56,89951.56,0.07723,6946.9593051,2
2026-01-08 12:13:00,89950.01,89950.01,89905.64,89916.77,0.19312,17364.7137315,21
2026-01-08 12:14:00,89938.12,89972.27,89658.53,89960.58,0.40294,36244.8884618,61
2026-01-08 12:15:00,89937.0,89961.07,89937.0,89961.07,1.03732,93293.8514302,12
2026-01-08 12:16:00,89961.06,89961.06,89940.57,89940.57,0.21134,19011.7226806,6
2026-01-08 12:17:00,89940.58,89988.17,89940.57,89988.17,0.47377,42618.963953,28
2026-01-08 12:18:00,89988.16,89988.17,89977.82,89977.82,0.12842,11555.6425534,10
2026-01-08 12:19:00,89998.61,90050.08,89998.61,90050.08,0.41532,37389.5523921,29
2026-01-08 12:20:00,90050.08,90050.08,90002.0,90003.04,4.28268,385552.9769816,16
2026-01-08 12:21:00,90030.04,90111.07,90030.04,90111.07,3.50975,316243.2834754,42
2026-01-08 12:22:00,90111.06,90232.98,90079.79,90111.06,3.1765,286263.0474043,34
2026-01-08 12:23:00,90111.07,90184.62,90111.07,90184.61,3.59927,324480.7753431,55
2026-01-08 12:24:00,90184.62,90278.89,90184.61,90240.46,1.98569,179182.5218945,60
2026-01-08 12:25:00,90240.46,90245.12,90232.5,90245.11,0.23841,21513.7183791,17
2026-01-08 12:26:00,90258.86,90258.87,90255.37,90255.37,0.0901,8132.0198871,6
2026-01-08 12:27:00,90246.27,90246.27,90196.39,90196.39,0.23749,21424.7313994,21
2026-01-08 12:28:00,90196.4,90196.4,90194.36,90194.36,3.27593,295474.767255,11
2026-01-08 12:29:00,90194.35,90200.9,90190.0,90200.89,2.48264,223910.8289329,19
2026-01-08 12:30:00,90200.9,90251.51,90200.89,90251.51,0.45692,41231.9870164,40
2026-01-08 12:31:00,90251.51,90263.86,90251.5,90263.86,0.0578,5216.8295038,7
2026-01-08 12:32:00,90268.39,90272.91,90230.84,90231.3,0.30941,27922.0888632,31
2026-01-08 12:33:00,90231.3,90256.92,90230.33,90256.92,0.26501,23915.4267132,24
2026-01-08 12:34:00,90249.93,90249.93,90204.69,90244.03,0.28191,25436.8269662,38
2026-01-08 12:35:00,90244.04,90295.88,90244.03,90295.88,0.2945,26579.8359509,28
2026-01-08 12:36:00,90292.58,90292.58,90283.54,90283.54,0.03329,3005.7265866,8
2026-01-08 12:37:00,90288.84,90288.85,90257.87,90257.87,0.15447,13944.9118482,9
2026-01-08 12:38:00,90257.86,90257.86,90184.61,90190.94,0.37402,33731.3390896,39
2026-01-08 12:39:00,90211.12,90211.12,90185.06,90185.07,0.04595,4144.5562213,7
2026-01-08 12:40:00,90185.06,90195.47,90185.06,90195.47,0.1559,14059.8613692,7
2026-01-08 12:41:00,90193.95,90200.25,90188.48,90200.24,0.08133,7335.5251043,9
2026-01-08 12:42:00,90200.25,90200.25,90152.63,90152.64,0.25359,22871.7152417,16
2026-01-08 12:43:00,90152.64,90152.64,90147.57,90147.57,1.27463,114911.2159327,16
2026-01-08 12:44:00,90147.58,90167.68,90137.6,90167.68,0.21074,18997.1959983,12
2026-01-08 12:45:00,90167.68,90292.56,90167.68,90292.56,0.75737,68341.6117892,75
2026-01-08 12:46:00,90292.56,90307.61,90292.54,90307.6,1.32583,119728.7421489,22
2026-01-08 12:47:00,90318.01,90907.96,90317.95,90321.47,6.06283,547633.6602231,91
2026-01-08 12:48:00,90321.46,90321.46,90303.2,90320.38,0.06935,6263.7638542,11
2026-01-08 12:49:00,90320.39,90320.39,90303.7,90303.7,0.0621,5608.8780217,5
2026-01-08 12:50:00,90303.7,90324.01,90303.69,90324.0,3.41084,308048.1256771,20
2026-01-08 12:51:00,90324.0,90330.04,90324.0,90330.04,4.30178,388560.6150365,9
2026-01-08 12:52:00,90330.05,90373.48,90330.04,90373.48,2.2659,204689.8310637,22
2026-01-08 12:53:00,90373.48,90384.99,90373.48,90384.99,0.02964,2678.6885824,4
2026-01-08 12:54:00,90384.01,90390.8,90143.18,90390.8,2.3834,215348.8103801,44
2026-01-08 12:55:00,90390.79,90436.86,90149.08,90436.86,3.62683,327868.8666004,68
2026-01-08 12:56:00,90436.86,90472.17,90430.63,90472.17,3.46619,313539.1459115,29
2026-01-08 12:57:00,90473.35,90473.36,90149.08,90445.75,5.21086,471253.1195062,92
2026-01-08 12:58:00,90439.37,90439.38,90396.0,90396.01,3.27731,296322.194904,11
2026-01-08 12:59:00,90396.01,90411.61,90394.06,90411.6,3.38888,306343.1551239,35
2026-01-08 13:00:00,90411.61,90480.89,90411.6,90460.71,0.78559,71070.1398754,89
2026-01-08 13:01:00,90460.72,90460.72,90430.0,90430.0,0.13458,12172.8189073,8
2026-01-08 13:02:00,90402.15,90430.68,90400.9,90430.68,0.05055,4570.441256,11
2026-01-08 13:03:00,90440.76,90450.33,90431.35,90431.39,0.12678,11466.1901909,10
2026-01-08 13:04:00,90447.61,90479.04,90447.6,90479.04,0.00476,430.6054316,5
2026-01-08 13:05:00,90464.09,90464.1,90347.65,90347.65,0.84238,76136.4707698,74
2026-01-08 13:06:00,90347.65,90360.16,90335.24,90338.47,0.40287,36399.3991559,35
2026-01-08 13:07:00,90326.96,90332.13,90317.44,90332.13,0.10097,9120.3529555,13
2026-01-08 13:08:00,90313.82,90313.82,90305.2,90305.2,0.14266,12883.4411703,10
2026-01-08 13:09:00,90305.21,90305.21,90305.2,90305.2,0.00315,284.4613963,5
2026-01-08 13:10:00,90305.2,90369.41,90300.0,90353.2,0.43375,39186.2710029,33
2026-01-08 13:11:00,90353.2,90360.84,90340.76,90360.84,0.02483,2243.6220871,7
2026-01-08 13:12:00,90360.84,90360.84,90345.27,90345.27,0.1328,11998.4251263,10
2026-01-08 13:13:00,90345.28,90345.28,90268.0,90279.2,0.59245,53494.7539169,45
2026-01-08 13:14:00,90281.44,90281.45,90271.48,90280.93,0.25648,23153.4770871,11
2026-01-08 13:15:00,90280.92,90295.66,90280.92,90295.65,0.10948,9883.9748039,9
2026-01-08 13:16:00,90295.66,90309.11,90295.66,90309.1,0.18443,16653.8402277,15
2026-01-08 13:17:00,90309.1,90309.11,90248.0,90248.01,0.66654,60169.8149443,52
2026-01-08 13:18:00,90248.0,90248.0,90235.03,90235.03,0.30546,27564.8329581,15
2026-01-08 13:19:00,90234.6,90234.6,90229.38,90229.38,0.02318,2091.6328028,4
2026-01-08 13:20:00,90234.99,90235.0,90094.82,90094.83,1.09342,98577.3724312,98
2026-01-08 13:21:00,90094.83,90140.21,90094.83,90104.03,0.32174,28998.4448512,29
2026-01-08 13:22:00,90104.02,90144.61,90104.02,90144.61,1.03471,93249.0082066,41
2026-01-08 13:23:00,90171.26,90172.28,90148.95,90172.27,0.30943,27900.665753,30
2026-01-08 13:24:00,90172.28,90172.28,90117.99,90143.15,0.2814,25367.8484294,30
2026-01-08 13:25:00,90143.15,90143.16,90091.18,90091.18,0.2609,23505.8118583,32
2026-01-08 13:26:00,90091.17,90252.73,90091.17,90156.43,0.51423,46355.7693803,59
2026-01-08 13:27:00,90196.15,90196.15,90191.38,90191.62,0.07387,6662.5095227,10
2026-01-08 13:28:00,90190.09,90200.98,90190.08,90200.97,0.07985,7201.7572604,14
2026-01-08 13:29:00,90205.96,90218.62,90205.96,90218.61,2.66522,240421.4832272,35
2026-01-08 13:30:00,90218.62,90218.62,90218.61,90218.61,4.20788,379629.1055227,19
2026-01-08 13:31:00,90218.61,90218.62,90179.99,90200.97,3.33748,301020.9926109,25
2026-01-08 13:32:00,90200.97,90321.82,89368.26,90160.46,4.7927,431504.6644035,211
2026-01-08 13:33:00,90166.15,90189.22,90165.99,90189.22,0.47351,42697.8477883,16
2026-01-08 13:34:00,90189.22,90240.0,90189.22,90240.0,1.07151,96675.9143102,25
2026-01-08 13:35:00,90240.01,90240.01,90146.66,90155.2,0.5274,47561.8961999,63
2026-01-08 13:36:00,90056.51,90215.31,89967.94,90215.3,0.43621,39324.9327129,46
2026-01-08 13:37:00,90215.29,90215.29,90171.43,90171.43,0.17526,15808.1701044,15
2026-01-08 13:38:00,90165.52,90165.52,90130.31,90131.48,0.04579,4127.8126867,13
2026-01-08 13:39:00,90131.49,90131.49,90108.39,90108.39,0.57365,51693.8870117,47
2026-01-08 13:40:00,90064.55,90156.25,90064.55,90156.25,0.2137,19261.349775,32
2026-01-08 13:41:00,90180.77,90245.16,90174.8,90245.16,0.88183,79562.2895797,49
2026-01-08 13:42:00,90245.16,90260.37,90245.16,90245.16,0.43826,39555.0844553,14
2026-01-08 13:43:00,90245.17,90245.17,89368.26,90223.59,4.41335,397657.3120488,64
2026-01-08 13:44:00,90223.59,90226.95,89971.63,90096.27,3.5756,322392.536185,61
2026-01-08 13:45:00,90096.26,90096.27,65000.0,90086.21,0.47037,42176.8179691,109
2026-01-08 13:46:00,90086.21,90086.22,90039.24,90042.05,0.25785,23218.5575749,28
2026-01-08 13:47:00,90028.48,90054.46,90028.47,90054.45,0.03893,3505.1298841,11
2026-01-08 13:48:00,90054.46,90073.35,90054.45,90073.35,0.20662,18607.3652488,6
2026-01-08 13:49:00,90073.35,90108.03,90073.35,90108.02,0.10242,9227.0174846,11
2026-01-08 13:50:00,90099.43,90210.53,90099.42,90210.53,1.18908,107186.4878219,60
2026-01-08 13:51:00,90210.53,90242.1,90210.53,90216.96,3.07118,277106.7438004,37
2026-01-08 13:52:00,90216.96,90282.06,90216.96,90224.38,0.42313,38190.4083553,51
2026-01-08 13:53:00,90224.38,90224.38,90213.95,90222.99,0.30527,27542.2892367,21
2026-01-08 13:54:00,90222.98,90225.92,90122.38,90122.39,3.33494,300877.5548809,39
2026-01-08 13:55:00,90214.68,90220.37,90213.96,90220.37,2.21007,199380.0066775,16
2026-01-08 13:56:00,90220.36,90220.37,90220.36,90220.37,2.31146,208540.7649378,16
2026-01-08 13:57:00,90220.37,90220.37,90184.61,90184.62,0.14585,13157.4168252,11
2026-01-08 13:58:00,90196.26,90216.09,90181.32,90216.09,0.11099,10011.2205467,14
2026-01-08 13:59:00,90211.03,90226.77,90211.03,90226.76,0.2142,19324.4857088,13
2026-01-08 14:00:00,90226.77,90240.85,90219.72,90219.72,0.5267,47520.8821029,53
2026-01-08 14:01:00,90219.72,90219.72,90171.06,90195.93,0.43706,39412.9886277,36
2026-01-08 14:02:00,90176.37,90181.0,90126.0,90126.01,0.36784,33154.8502223,50
2026-01-08 14:03:00,90140.66,90148.54,90140.66,90148.54,0.04918,4433.2661308,8
2026-01-08 14:04:00,90131.37,90131.37,90115.44,90115.44,0.16554,14919.4951432,12
2026-01-08 14:05:00,90124.75,90151.62,90124.75,90151.62,0.26762,24120.0743831,20
2026-01-08 14:06:00,90155.23,90173.57,90120.81,90130.81,0.36207,32636.4340468,47
2026-01-08 14:07:00,90130.82,90130.82,90007.93,90007.94,0.41564,37425.4392645,66
2026-01-08 14:08:00,90007.94,90007.94,89971.46,89971.46,0.6002,54018.1337824,24
2026-01-08 14:09:00,89964.98,89999.97,89951.72,89985.93,0.24803,22319.8754925,31
2026-01-08 14:10:00,89985.93,89985.93,89933.02,89933.02,0.29728,26739.5842075,44
2026-01-08 14:11:00,89933.03,89933.03,89879.94,89882.19,0.31242,28083.0857722,35
2026-01-08 14:12:00,89885.46,89949.16,89858.98,89949.16,1.09663,98581.9080023,53
2026-01-08 14:13:00,89949.16,89985.93,89874.66,89874.66,0.47201,42440.5279168,58
2026-01-08 14:14:00,89874.64,89903.89,89870.43,89903.88,1.14965,103355.237133,9
2026-01-08 14:15:00,89884.6,89933.05,89875.66,89917.81,0.46277,41604.2714925,30
2026-01-08 14:16:00,89917.81,89947.19,89917.81,89940.69,0.13288,11951.4656287,12
2026-01-08 14:17:00,89940.68,89940.68,89909.55,89909.55,0.57833,52004.2495928,33
2026-01-08 14:18:00,89873.03,89873.03,89822.25,89822.26,1.21136,108856.0688214,30
2026-01-08 14:19:00,89822.25,89925.75,89807.77,89925.75,0.43927,39478.3105857,27
2026-01-08 14:20:00,89925.75,89944.0,89925.74,89935.78,0.45204,40655.2371521,23
2026-01-08 14:21:00,89935.78,89958.05,89929.79,89953.35,0.25985,23372.8838561,19
2026-01-08 14:22:00,89948.24,89994.53,89948.24,89994.53,2.12955,191564.8344149,17
2026-01-08 14:23:00,89972.8,90001.67,89966.77,90001.66,3.38049,304163.3335528,20
2026-01-08 14:24:00,90001.67,90001.67,89959.99,89960.0,4.25717,383054.5061546,22
2026-01-08 14:25:00,89965.83,89965.83,89940.01,89947.0,3.26757,293923.1115222,25
2026-01-08 14:26:00,89947.0,89971.99,89947.0,89971.99,2.10607,189448.9985097,13
2026-01-08 14:27:00,89992.63,90000.0,89990.99,90000.0,0.04336,3902.121864,11
2026-01-08 14:28:00,90001.05,90001.05,89900.0,89916.01,0.2474,22257.4981927,29
2026-01-08 14:29:00,89916.01,89953.03,89916.01,89953.03,0.15562,13995.3167931,15
2026-01-08 14:30:00,89942.81,89951.51,89942.8,89951.51,0.07013,6308.0601974,16
2026-01-08 14:31:00,89952.53,89999.99,89951.5,89977.48,0.06433,5788.7420146,20
2026-01-08 14:32:00,89977.49,89977.49,89906.08,89906.08,0.38534,34652.3388531,32
2026-01-08 14:33:00,89906.08,89906.08,89890.12,89896.51,0.27926,25106.6485187,22
2026-01-08 14:34:00,89894.09,89894.09,89856.82,89856.83,0.23322,20958.2901494,24
2026-01-08 14:35:00,89856.82,89868.49,89798.47,89830.0,0.44795,40238.8427171,49
2026-01-08 14:36:00,89829.99,89829.99,89805.92,89805.92,0.06425,5771.1340691,15
2026-01-08 14:37:00,89805.92,89820.49,89796.23,89820.49,0.10409,9348.3294437,20
2026-01-08 14:38:00,89830.0,89853.38,89830.0,89853.37,0.21274,19114.2100911,25
2026-01-08 14:39:00,89853.37,89853.38,89853.37,89853.37,0.11247,10105.8092439,21
2026-01-08 14:40:00,89853.38,89853.38,89853.37,89853.38,0.33793,30364.1522294,27
2026-01-08 14:41:00,89853.38,89853.38,89545.39,89545.39,1.57924,141763.5047977,146
2026-01-08 14:42:00,89615.06,89967.28,89134.55,89965.26,1.48761,133421.4990583,88
2026-01-08 14:43:00,89965.27,89998.75,89965.26,89998.75,0.36624,32950.9140235,34
2026-01-08 14:44:00,89998.76,90017.96,89998.76,90002.2,4.37103,393431.7754771,16
2026-01-08 14:45:00,90002.2,90017.96,90002.2,90017.95,0.772,69489.6953812,14
2026-01-08 14:46:00,90013.45,90013.45,89957.23,89957.24,0.93094,83780.969037,40
2026-01-08 14:47:00,89957.24,90009.91,89957.24,90009.91,0.31054,27940.2764544,23
2026-01-08 14:48:00,90009.9,90033.49,90009.9,90013.42,0.20664,18602.7168562,10
2026-01-08 14:49:00,90013.41,90013.42,90013.41,90013.41,1.10507,99471.119191,12
2026-01-08 14:50:00,90025.58,90051.73,90008.56,90051.72,0.15755,14186.2589856,19
2026-01-08 14:51:00,90051.73,90076.92,90051.73,90061.89,2.43783,219574.8061952,22
2026-01-08 14:52:00,90049.24,90049.24,89988.5,89988.5,1.49857,134941.7858537,20
2026-01-08 14:53:00,89979.51,89979.52,89979.51,89979.52,0.06141,5525.6420031,8
2026-01-08 14:54:00,89975.29,89975.29,89943.45,89956.69,0.1911,17189.7601602,16
2026-01-08 14:55:00,89956.68,89989.0,89956.68,89989.0,0.18413,16567.7684378,19
2026-01-08 14:56:00,89989.0,89989.0,89988.99,89988.99,0.10425,9381.3527319,9
2026-01-08 14:57:00,89988.99,90001.99,89988.99,90001.99,0.12065,10858.3870135,7
2026-01-08 14:58:00,90002.0,90002.0,90001.99,90001.99,0.04302,3871.885802,11
2026-01-08 14:59:00,90001.99,90001.99,89982.9,89989.2,0.03122,2809.463787,6
2026-01-08 15:00:00,89989.2,89989.22,89988.63,89988.63,0.05881,5292.2532913,11
2026-01-08 15:01:00,89988.63,89998.99,89947.65,89998.99,0.23973,21572.1628529,23
2026-01-08 15:02:00,89998.99,89999.0,89974.19,89974.19,0.24818,22330.4706396,30
2026-01-08 15:03:00,89974.19,89999.99,89973.68,89984.28,1.20088,108050.6204479,99
2026-01-08 15:04:00,89984.28,89984.28,89981.36,89981.36,0.14012,12608.564526,9
2026-01-08 15:05:00,89975.15,89975.16,89932.15,89932.16,0.22733,20450.7461927,27
2026-01-08 15:06:00,89932.15,89952.99,89932.15,89947.23,0.07723,6946.6523889,12
2026-01-08 15:07:00,89947.22,89954.93,89947.22,89954.92,0.15267,13732.5468107,8
2026-01-08 15:08:00,89954.93,89961.95,89954.29,89961.94,0.09027,8120.2051798,8
2026-01-08 15:09:00,89970.75,89970.75,89970.74,89970.74,0.11368,10227.8748348,6
2026-01-08 15:10:00,89970.75,89986.28,89970.75,89986.28,0.03324,2990.782948,7
2026-01-08 15:11:00,89986.29,89998.99,89986.28,89998.99,0.16354,14716.4164395,10
2026-01-08 15:12:00,90015.19,90015.19,89998.99,89999.73,3.0395,273568.0609479,27
2026-01-08 15:13:00,89999.67,90009.58,89999.67,90009.58,0.93384,84053.2368965,8
2026-01-08 15:14:00,90000.01,90000.01,89973.7,89973.7,2.13323,191974.8419318,13
2026-01-08 15:15:00,89973.7,90008.99,89973.7,90008.99,0.0681,6129.073876,13
2026-01-08 15:16:00,90008.99,90008.99,89927.0,89927.01,0.25722,23133.2278259,32
2026-01-08 15:17:00,89938.45,89998.99,89929.8,89998.99,0.30992,27886.0933769,35
2026-01-08 15:18:00,89999.0,90049.0,89999.0,90049.0,0.17733,15966.9784559,20
2026-01-08 15:19:00,90049.0,90049.0,90033.19,90041.78,0.35743,32184.1160916,9
2026-01-08 15:20:00,90021.99,90054.0,89785.54,90054.0,2.45092,220570.959971,88
2026-01-08 15:21:00,90054.0,90179.56,90053.99,90056.01,4.3875,395237.1603558,82
2026-01-08 15:22:00,90056.0,90072.92,90056.0,90072.91,4.19374,377707.3930472,25
2026-01-08 15:23:00,90080.15,90080.15,90056.01,90056.02,3.12811,281729.9671897,8
2026-01-08 15:24:00,90056.02,90082.05,90056.01,90082.05,2.14946,193575.222302,16
2026-01-08 15:25:00,90082.06,90084.51,90082.05,90084.51,0.81119,73073.7109237,5
2026-01-08 15:26:00,90089.99,90089.99,90063.21,90067.2,0.09527,8580.8340535,11
2026-01-08 15:27:00,90067.21,90067.21,90067.2,90067.2,0.0372,3350.5000301,3
2026-01-08 15:28:00,90073.52,90099.17,90052.09,90052.09,1.93011,173884.6508304,52
2026-01-08 15:29:00,90047.01,90053.3,90047.01,90053.3,0.09478,8534.9483296,10
2026-01-08 15:30:00,90078.23,90084.4,90054.19,90084.4,0.26949,24272.8046889,25
2026-01-08 15:31:00,90089.14,90089.14,90057.89,90057.89,0.28062,25279.9464955,10
2026-01-08 15:32:00,90060.76,90060.76,89959.1,89959.11,0.59388,53459.3639705,45
2026-01-08 15:33:00,89959.15,89965.57,89959.14,89965.56,0.00295,265.3888717,7
2026-01-08 15:34:00,89965.56,89965.56,89900.0,89921.36,0.46923,42191.9747892,52
2026-01-08 15:35:00,89929.99,89930.0,89901.1,89901.1,1.10442,99319.5050084,13
2026-01-08 15:36:00,89923.21,89923.22,89908.84,89908.85,2.19808,197658.0005795,9
2026-01-08 15:37:00,89918.12,89918.12,89880.13,89880.13,0.14786,13293.1910779,18
2026-01-08 15:38:00,89901.47,89939.03,89901.47,89939.03,0.1076,9676.6146296,17
2026-01-08 15:39:00,89939.03,90000.0,89939.03,89999.99,0.21708,19534.72202,28
2026-01-08 15:40:00,89984.06,89984.07,89889.54,89934.07,0.42519,38251.5913742,65
2026-01-08 15:41:00,89934.07,89993.71,89934.06,89993.71,3.2242,290088.1407436,13
2026-01-08 15:42:00,89993.71,90038.3,89993.71,90038.3,3.34565,301117.1231267,20
2026-01-08 15:43:00,90038.31,90038.31,90006.35,90006.36,4.40141,396204.2747523,14
2026-01-08 15:44:00,90006.36,90021.29,90006.36,90021.29,3.14455,283076.2878475,11
2026-01-08 15:45:00,90021.28,90049.81,90021.28,90049.81,4.12509,371389.1483601,10
2026-01-08 15:46:00,90049.8,90050.01,90034.58,90050.01,3.1486,283504.1649052,11
2026-01-08 15:47:00,90050.0,90050.01,90022.99,90023.0,4.13419,372225.80931,19
2026-01-08 15:48:00,90018.07,90018.08,89936.13,89936.13,0.54796,49306.6611357,40
2026-01-08 15:49:00,89924.73,89931.58,89924.73,89928.56,0.12783,11495.1751578,9
2026-01-08 15:50:00,89922.79,89922.79,89910.1,89910.1,0.10542,9478.5316743,9
2026-01-08 15:51:00,89910.11,89920.84,89910.1,89920.84,0.00367,329.993158,5
2026-01-08 15:52:00,89916.33,89916.33,89901.44,89901.44,0.0187,1681.4276282,2
2026-01-08 15:53:00,89900.0,89901.43,89871.82,89901.43,1.04457,93887.2548967,24
2026-01-08 15:54:00,89930.38,89930.38,89930.37,89930.38,0.03768,3388.5765671,10
2026-01-08 15:55:00,89928.13,89928.13,89925.0,89925.01,0.0557,5008.8825244,8
2026-01-08 15:56:00,89933.25,89933.26,89914.91,89914.92,0.9425,84755.3743922,8
2026-01-08 15:57:00,89928.76,89945.85,89925.26,89945.85,0.19082,17160.1797151,8
2026-01-08 15:58:00,89945.85,89988.49,89945.85,89972.19,0.50357,45303.209701,33
2026-01-08 15:59:00,89958.36,89972.46,89958.36,89972.46,0.0573,5154.8711963,9
2026-01-08 16:00:00,89972.46,89972.46,89923.22,89923.22,2.59855,233727.5448252,48
2026-01-08 16:01:00,89900.81,89900.82,77629.87,89880.21,2.89844,259277.8642425,160
2026-01-08 16:02:00,89880.21,89883.35,89869.83,89883.35,1.53023,137533.5322084,10
2026-01-08 16:03:00,89880.01,89880.01,89828.22,89828.22,0.28366,25487.2838748,13
2026-01-08 16:04:00,89828.22,89837.13,89773.36,89800.0,1.40106,125781.5826943,43
2026-01-08 16:05:00,89788.61,89813.77,89788.06,89813.77,0.19744,17731.4799526,26
2026-01-08 16:06:00,89813.78,89879.57,89813.77,89879.56,0.4606,41393.545863,38
2026-01-08 16:07:00,89863.8,89863.8,89821.85,89825.25,0.32291,29005.6208054,28
2026-01-08 16:08:00,89851.0,89851.01,89814.31,89814.31,0.26215,23548.6611306,26
2026-01-08 16:09:00,89814.31,89859.94,89814.31,89859.94,0.15405,13837.1584881,21
2026-01-08 16:10:00,89859.93,89895.99,89859.93,89895.06,1.18221,106251.4735749,34
2026-01-08 16:11:00,89895.06,89895.06,89846.0,89846.0,0.19269,17319.2134927,13
2026-01-08 16:12:00,89846.0,89851.62,89816.82,89826.98,0.13089,11759.3129403,22
2026-01-08 16:13:00,89826.0,89853.94,89826.0,89853.94,0.03155,2834.584028,6
2026-01-08 16:14:00,89859.45,89859.45,89838.63,89848.36,0.12451,11186.5247581,14
2026-01-08 16:15:00,89853.87,89861.14,89836.86,89861.13,0.30022,26976.2175213,24
2026-01-08 16:16:00,89861.13,89861.14,89836.86,89854.28,0.16583,14900.4110329,20
2026-01-08 16:17:00,89830.89,89870.43,89830.88,89870.42,0.1819,16346.1671015,24
2026-01-08 16:18:00,89870.42,89870.43,89860.1,89860.1,0.32315,29039.2914745,16
2026-01-08 16:19:00,89838.67,89838.67,89820.0,89820.01,0.07608,6834.4815245,18
2026-01-08 16:20:00,89814.11,89819.3,89796.21,89819.3,0.1247,11199.4367301,13
2026-01-08 16:21:00,89824.06,89824.06,89750.0,89750.0,0.31488,28266.2994416,32
2026-01-08 16:22:00,89735.96,89737.03,89730.57,89737.03,0.00361,323.947051,6
2026-01-08 16:23:00,89741.24,89770.49,89741.24,89769.99,0.19582,17578.1297117,28
2026-01-08 16:24:00,89770.0,89782.37,89748.09,89748.09,0.03812,3422.0801758,10
2026-01-08 16:25:00,89745.35,89745.35,89705.85,89705.85,0.07913,7100.1228399,17
2026-01-08 16:26:00,89691.01,89691.01,89554.45,89581.33,0.73647,65998.2842121,75
2026-01-08 16:27:00,89594.01,89594.01,89536.61,89547.25,0.18239,16332.252858,31
2026-01-08 16:28:00,89547.26,89579.55,89504.2,89567.82,0.41465,37126.5791872,58
2026-01-08 16:29:00,89567.82,89656.09,89567.82,89644.06,0.41164,36882.2603438,57
2026-01-08 16:30:00,89617.15,89661.53,89561.21,89561.21,0.42885,38423.0640451,59
2026-01-08 16:31:00,89550.51,89661.53,89451.51,89540.0,1.0503,94025.3369116,119
2026-01-08 16:32:00,89536.32,89674.7,89536.31,89674.69,1.16705,104620.8592281,64
2026-01-08 16:33:00,89674.7,89755.66,89643.69,89755.66,2.88729,259010.7576298,91
2026-01-08 16:34:00,89755.66,89917.47,89755.65,89759.01,4.16451,373903.8185331,100
2026-01-08 16:35:00,89759.01,89917.47,89759.01,89768.87,2.71207,243621.0279352,103
2026-01-08 16:36:00,89768.87,89909.28,89768.86,89887.22,0.86659,77873.4561858,69
2026-01-08 16:37:00,89887.22,89917.47,89704.54,89704.54,0.65104,58469.0467484,81
2026-01-08 16:38:00,89704.54,89774.43,89658.66,89673.73,2.54165,227918.6330528,60
2026-01-08 16:39:00,89673.74,89717.99,89591.72,89591.72,3.57931,320944.8424206,48
2026-01-08 16:40:00,89591.72,89695.58,89591.71,89695.58,0.56108,50313.3157426,62
2026-01-08 16:41:00,89695.58,89917.47,89695.57,89735.02,3.26468,293157.9576929,109
2026-01-08 16:42:00,89735.02,89735.02,89665.99,89665.99,1.70722,153125.6613277,56
2026-01-08 16:43:00,89665.99,89665.99,89480.88,89480.88,1.76115,157681.3399582,101
2026-01-08 16:44:00,89454.86,89494.22,89452.0,89452.0,0.28854,25815.2339408,33
2026-01-08 16:45:00,89452.0,89452.0,89332.42,89365.85,0.53344,47680.6672007,82
2026-01-08 16:46:00,89365.85,92387.78,89365.84,90086.54,2.85242,257540.0300869,328
2026-01-08 16:47:00,90086.54,92387.78,89759.39,89832.25,5.28641,475323.7761412,138
2026-01-08 16:48:00,89832.26,89842.71,89773.16,89827.95,1.3727,123312.1731118,44
2026-01-08 16:49:00,89827.96,94779.7,89827.96,89946.89,4.01283,364875.141716,295
2026-01-08 16:50:00,89946.89,90002.39,89916.77,90002.39,0.4324,38901.1285724,52
2026-01-08 16:51:00,90002.39,90027.11,89958.64,89958.64,0.36612,32939.5660517,41
2026-01-08 16:52:00,89958.64,90090.9,89888.97,90090.9,0.74932,67438.640914,77
2026-01-08 16:53:00,90090.91,90129.36,89780.65,90040.12,1.59592,143749.195112,98
2026-01-08 16:54:00,90040.12,90441.6,77631.0,90114.64,6.06346,544746.7766148,256
2026-01-08 16:55:00,90087.59,90087.59,77631.0,90003.23,0.9757,87798.9823324,145
2026-01-08 16:56:00,90003.22,90003.22,89916.24,89977.22,3.47525,312653.6772835,54
2026-01-08 16:57:00,89950.22,89955.18,89891.03,89955.18,0.5712,51362.0518648,53
2026-01-08 16:58:00,89955.17,90033.71,89955.17,89999.99,0.74741,67277.2951952,60
2026-01-08 16:59:00,89999.99,90062.11,89999.99,90062.11,0.14094,12686.8702285,22
2026-01-08 17:00:00,90038.11,90038.12,89975.56,89975.57,0.61073,54961.1373615,57
2026-01-08 17:01:00,89975.56,89975.56,89898.0,89923.93,0.32447,29176.2530371,43
2026-01-08 17:02:00,89923.93,89962.47,89866.0,89962.47,0.66368,59681.142128,70
2026-01-08 17:03:00,89907.15,89907.15,89828.37,89831.99,0.58854,52894.7541308,55
2026-01-08 17:04:00,89829.71,89879.43,89829.71,89840.27,0.3778,33948.2966965,47
2026-01-08 17:05:00,89851.06,90581.73,89851.06,90127.99,1.98154,178505.4268416,129
2026-01-08 17:06:00,90127.98,90253.8,90127.98,90253.79,3.88321,350373.8624925,57
2026-01-08 17:07:00,90253.8,90258.5,90145.5,90217.75,2.51665,226973.9917539,97
2026-01-08 17:08:00,90217.75,90244.05,90192.04,90244.05,0.30396,27426.5014205,26
2026-01-08 17:09:00,90244.0,90943.74,90244.0,90350.66,1.72188,155805.8348421,101
2026-01-08 17:10:00,90350.66,90355.93,90276.0,90276.01,0.73539,66406.3565736,56
2026-01-08 17:11:00,90276.01,90366.0,90276.0,90366.0,0.94633,85483.245328,67
2026-01-08 17:12:00,90365.99,90448.18,90365.99,90394.07,0.98672,89187.6973055,78
2026-01-08 17:13:00,90394.06,90394.06,90307.53,90307.53,3.50321,316564.4116748,36
2026-01-08 17:14:00,90307.53,90358.47,90307.52,90318.76,4.80765,434281.7241981,55
2026-01-08 17:15:00,90323.41,94450.28,78815.18,90352.55,6.84422,617797.3346208,229
2026-01-08 17:16:00,90352.55,90466.4,90352.54,90466.4,1.93545,174945.9412938,56
2026-01-08 17:17:00,90466.4,95473.79,80018.59,90376.01,6.63412,602871.3025219,295
2026-01-08 17:18:00,90376.02,90463.99,90376.01,90454.41,3.42066,309385.7654901,44
2026-01-08 17:19:00,90461.01,90494.23,90458.3,90458.3,4.37419,395732.7360012,42
2026-01-08 17:20:00,90458.29,90502.48,90443.9,90443.9,3.41062,308522.3323708,53
2026-01-08 17:21:00,90443.91,90502.64,90443.91,90444.49,4.88406,441996.2084878,64
2026-01-08 17:22:00,90444.49,91226.65,90361.22,90361.22,5.22473,472378.5302539,88
2026-01-08 17:23:00,90364.95,90415.28,80020.0,90415.27,1.85409,166973.8341202,250
2026-01-08 17:24:00,90415.28,90559.2,90415.27,90482.35,0.82339,74521.1311896,92
2026-01-08 17:25:00,90485.71,105111.34,90485.71,90519.62,5.29627,480187.433826,345
2026-01-08 17:26:00,90519.63,90522.02,85894.5,90505.4,1.90512,172269.0270831,116
2026-01-08 17:27:00,90505.4,90523.05,90480.8,90523.05,3.21037,290523.4031461,27
2026-01-08 17:28:00,90523.06,90650.0,90523.05,90572.68,3.78298,342578.8975781,70
2026-01-08 17:29:00,90572.69,90591.51,90557.93,90591.51,4.58823,415544.7713903,45
2026-01-08 17:30:00,90591.51,98929.41,90509.41,90523.25,3.59109,325312.9941183,145
2026-01-08 17:31:00,90523.25,90560.51,90460.92,90560.5,1.79308,162284.8829456,58
2026-01-08 17:32:00,90560.5,97441.59,90560.5,90609.76,3.90318,353819.7239864,134
2026-01-08 17:33:00,90599.26,93111.06,90521.4,90536.68,4.21778,382105.1357112,162
2026-01-08 17:34:00,90536.67,90536.68,90482.13,90482.13,0.32582,29489.3101792,46
2026-01-08 17:35:00,90482.14,90482.14,90356.2,90413.36,0.61633,55725.5658846,71
2026-01-08 17:36:00,90413.35,90413.35,90315.69,90324.23,1.37132,123858.8983639,76
2026-01-08 17:37:00,90351.34,90390.8,90351.34,90390.79,0.59032,53349.9061515,75
2026-01-08 17:38:00,90390.8,90469.0,90390.79,90440.16,0.423,38263.1128265,40
2026-01-08 17:39:00,90413.01,90441.84,90365.01,90441.84,1.47371,133182.5632454,55
2026-01-08 17:40:00,90441.84,90468.48,90435.85,90458.38,1.22158,110479.5975475,23
2026-01-08 17:41:00,90461.64,95007.4,90461.64,90648.3,4.31872,391471.5068807,214
2026-01-08 17:42:00,90648.29,90711.67,90585.12,90585.12,1.72715,156534.9231121,41
2026-01-08 17:43:00,90585.12,90605.17,90539.53,90548.73,1.01041,91521.2878805,87
2026-01-08 17:44:00,90548.73,90548.73,90499.06,90499.06,1.18082,106870.673518,13
2026-01-08 17:45:00,90499.06,90499.06,90448.35,90448.35,0.75998,68748.2247731,31
2026-01-08 17:46:00,90449.86,90449.87,90379.48,90398.46,0.75179,67956.0314889,78
2026-01-08 17:47:00,90398.47,90398.47,90361.8,90380.07,0.04811,4347.7360913,23
2026-01-08 17:48:00,90364.96,90364.96,90312.99,90312.99,0.30247,27323.3351282,60
2026-01-08 17:49:00,90311.36,90605.17,85797.3,90390.99,9.11543,823651.6371408,199
2026-01-08 17:50:00,90400.73,99437.3,90399.99,90481.99,2.61186,236850.8249471,295
2026-01-08 17:51:00,90674.14,91860.59,90481.29,90492.14,2.05279,185761.9644625,78
2026-01-08 17:52:00,90491.85,92556.76,90491.85,90539.17,2.26197,204842.7557057,174
2026-01-08 17:53:00,90539.16,90539.17,90450.0,90450.37,1.54688,139928.7952716,109
2026-01-08 17:54:00,90450.37,90475.23,90419.9,90419.9,3.32633,300886.7466394,55
2026-01-08 17:55:00,90419.9,109999.99,90419.89,90461.86,13.14341,1189280.2893048,402
2026-01-08 17:56:00,90461.86,90478.16,90444.0,90478.16,0.29079,26305.5132831,87
2026-01-08 17:57:00,90478.16,90603.53,90478.16,90603.53,0.61731,55895.7557445,80
2026-01-08 17:58:00,90603.53,99507.54,90603.52,90723.54,4.53057,410839.5516241,132
2026-01-08 17:59:00,90742.85,105111.34,90742.85,90829.01,0.61343,55774.4003738,163
2026-01-08 18:00:00,90829.01,90887.31,90829.01,90887.31,0.16464,14961.7839612,21
2026-01-08 18:01:00,90860.03,105111.34,90824.89,90890.86,1.28326,116630.0093141,90
2026-01-08 18:02:00,90890.86,90896.76,90785.15,90785.15,1.22422,111216.2012424,58
2026-01-08 18:03:00,90779.49,90785.57,90707.17,90707.17,0.44936,40780.9908605,43
2026-01-08 18:04:00,90694.53,90721.02,90685.46,90686.01,0.4173,37852.4214817,30
2026-01-08 18:05:00,90676.87,90729.63,90652.5,90729.63,0.7653,69410.4921085,75
2026-01-08 18:06:00,90729.63,90817.99,90729.63,90817.98,0.27727,25165.6380814,34
2026-01-08 18:07:00,90794.63,90829.23,90750.01,90750.01,1.57706,143192.4069004,66
2026-01-08 18:08:00,90750.0,90750.0,90682.41,90685.03,1.27411,115552.0738522,24
2026-01-08 18:09:00,90685.04,90702.39,90681.22,90702.39,0.15834,14361.3073971,9
2026-01-08 18:10:00,90702.39,90702.39,90702.39,90702.39,0.0,0.0,0
